feature_1,feature_2,spearman_rho,abs_rho
const_750,t_const_750,0.9915787950265355,0.9915787950265355
const_250,t_const_250,0.9882121809024349,0.9882121809024349
const_180,t_const_180,0.9880574861453224,0.9880574861453224
const_90,t_const_90,0.9876237907466553,0.9876237907466553
const_120,t_const_120,0.9868713176463515,0.9868713176463515
r2_750,t_mkt_750,0.9726738073876586,0.9726738073876586
r2_250,t_mkt_250,0.9650542282261506,0.9650542282261506
r2_180,t_mkt_180,0.9569934332045502,0.9569934332045502
r2_120,t_mkt_120,0.9477430440502395,0.9477430440502395
t_hml_90,t_hml_120,0.9444776675734385,0.9444776675734385
r2_90,t_mkt_90,0.9418126478898512,0.9418126478898512
t_smb_90,t_smb_120,0.9377627577923102,0.9377627577923102
t_umd_90,t_umd_120,0.9327985639919453,0.9327985639919453
r2_90,r2_120,0.9326530835262513,0.9326530835262513
t_mkt_90,t_mkt_120,0.9242938321358203,0.9242938321358203
t_hml_120,t_hml_180,0.9224066946313988,0.9224066946313988
t_hml_180,t_hml_250,0.9066183968577198,0.9066183968577198
t_smb_180,t_smb_250,0.9057798896940522,0.9057798896940522
r2_120,t_mkt_90,0.8951516760523388,0.8951516760523388
r2_120,r2_180,0.8868721041328991,0.8868721041328991
r2_250,t_mkt_180,0.8862223879928102,0.8862223879928102
r2_180,r2_250,0.8854336132749439,0.8854336132749439
r2_180,t_mkt_120,0.8840322138090234,0.8840322138090234
t_smb_120,t_smb_180,0.8838459268313982,0.8838459268313982
t_mkt_120,t_mkt_180,0.8795830474288633,0.8795830474288633
t_mkt_180,t_mkt_250,0.8790037476673674,0.8790037476673674
t_const_250,ir_p1y,0.8779309507573065,0.8779309507573065
t_umd_120,t_umd_180,0.8760427431586213,0.8760427431586213
t_umd_180,t_umd_250,0.8730822778485876,0.8730822778485876
const_750,sr_p3y,0.8669598841248775,0.8669598841248775
r2_90,t_mkt_120,0.8665680205242405,0.8665680205242405
t_const_120,ir_p6m,0.8637739712578145,0.8637739712578145
const_90,const_120,0.8576299392045715,0.8576299392045715
t_const_90,t_const_120,0.8571571435162739,0.8571571435162739
const_250,ir_p1y,0.8559775865437003,0.8559775865437003
t_const_750,sr_p3y,0.8527984066075469,0.8527984066075469
const_120,t_const_90,0.8494315477070336,0.8494315477070336
t_hml_90,t_hml_180,0.8485491397348732,0.8485491397348732
const_90,t_const_120,0.8475735042761036,0.8475735042761036
const_120,ir_p6m,0.8464399192711265,0.8464399192711265
tna,vol_flows,0.8458488721776091,0.8458488721776091
t_smb_90,t_smb_180,0.8339371658635444,0.8339371658635444
t_const_750,ir_p3y,0.820638776889411,0.820638776889411
r2_180,t_mkt_250,0.8129765796765238,0.8129765796765238
r2_180,t_mkt_90,0.8114400335478812,0.8114400335478812
t_umd_90,t_umd_180,0.8083246423234239,0.8083246423234239
r2_120,t_mkt_180,0.8068807351297337,0.8068807351297337
const_750,ir_p3y,0.8065371110650137,0.8065371110650137
t_hml_120,t_hml_250,0.7995192149410297,0.7995192149410297
t_const_180,t_const_250,0.7967673624607396,0.7967673624607396
const_180,const_250,0.7960196385592281,0.7960196385592281
r2_90,r2_180,0.7927248402376244,0.7927248402376244
ir_p3y,sr_p3y,0.792431588897303,0.792431588897303
t_mkt_90,t_mkt_180,0.7906373608210452,0.7906373608210452
const_180,t_const_250,0.7906065169256326,0.7906065169256326
const_250,t_const_180,0.7890347452989989,0.7890347452989989
r2_250,t_mkt_750,0.7826606221949329,0.7826606221949329
t_hml_250,t_hml_750,0.7808150133776501,0.7808150133776501
t_smb_120,t_smb_250,0.7796992808725405,0.7796992808725405
r2_250,t_mkt_120,0.7730142326105067,0.7730142326105067
t_mkt_250,t_mkt_750,0.772432279106013,0.772432279106013
r2_250,r2_750,0.7667109205511178,0.7667109205511178
const_120,const_180,0.7657425904593104,0.7657425904593104
t_mkt_180,t_mkt_750,0.7642122435111008,0.7642122435111008
t_const_120,t_const_180,0.762238259561821,0.762238259561821
const_180,t_const_120,0.7579956409707743,0.7579956409707743
const_120,t_const_180,0.7559848675298472,0.7559848675298472
t_const_90,ir_p6m,0.7525948923517466,0.7525948923517466
t_hml_180,t_hml_750,0.7499108632303797,0.7499108632303797
t_const_180,ir_p1y,0.7464083985364771,0.7464083985364771
const_90,ir_p6m,0.7426332919112784,0.7426332919112784
const_180,ir_p1y,0.7347141116509974,0.7347141116509974
r2_120,r2_250,0.7346575630026351,0.7346575630026351
r2_180,t_mkt_750,0.7332735749342545,0.7332735749342545
r2_750,t_mkt_180,0.7329423387061027,0.7329423387061027
t_hml_90,t_hml_250,0.7313510529084383,0.7313510529084383
t_mkt_120,t_mkt_250,0.7300645037197431,0.7300645037197431
t_smb_90,t_smb_250,0.7296155419929268,0.7296155419929268
r2_750,t_mkt_250,0.7290404771115272,0.7290404771115272
r2_180,r2_750,0.7272730727622515,0.7272730727622515
t_hml_120,t_hml_750,0.7117121199426374,0.7117121199426374
r2_90,t_mkt_180,0.7037459069263238,0.7037459069263238
t_const_180,ir_p6m,0.6923644965085641,0.6923644965085641
t_umd_120,t_umd_250,0.6914178519474216,0.6914178519474216
t_mkt_120,t_mkt_750,0.6862854066416096,0.6862854066416096
r2_250,t_mkt_90,0.6838940254984878,0.6838940254984878
const_180,ir_p6m,0.6836756642195178,0.6836756642195178
r2_750,t_mkt_120,0.6751647613487471,0.6751647613487471
t_hml_90,t_hml_750,0.674397438563051,0.674397438563051
r2_120,r2_750,0.648440474858796,0.648440474858796
t_smb_250,t_smb_750,0.64399188226942,0.64399188226942
r2_90,r2_250,0.6374618169045873,0.6374618169045873
const_90,const_180,0.6352180972875466,0.6352180972875466
r2_120,t_mkt_750,0.6342988162600861,0.6342988162600861
r2_120,t_mkt_250,0.6318434830803973,0.6318434830803973
t_mkt_250,sr_p1y,-0.6296855212070951,0.6296855212070951
t_const_90,t_const_180,0.6296577991835427,0.6296577991835427
const_90,t_const_180,0.6285224016583281,0.6285224016583281
t_mkt_90,t_mkt_250,0.6284639699905813,0.6284639699905813
const_180,t_const_90,0.6263751734533917,0.6263751734533917
sr_p6m,sr_p1y,0.618059138653004,0.618059138653004
ir_p1y,sr_p3y,0.6176414404443135,0.6176414404443135
t_mkt_90,t_mkt_750,0.6075378593347135,0.6075378593347135
t_smb_180,t_smb_750,0.6072146235800029,0.6072146235800029
r2_750,t_mkt_90,0.606749131605286,0.606749131605286
ir_p1y,ir_p3y,0.6059366742541927,0.6059366742541927
t_mkt_180,sr_p1y,-0.6030925807301251,0.6030925807301251
ir_p6m,ir_p1y,0.6023087041066031,0.6023087041066031
t_const_250,sr_p3y,0.5992809934228163,0.5992809934228163
const_750,t_umd_90,0.5991626650776145,0.5991626650776145
r2_250,sr_p1y,-0.595045551230122,0.595045551230122
t_umd_90,sr_p3y,0.5938456661827878,0.5938456661827878
t_umd_90,t_umd_250,0.5876236491927579,0.5876236491927579
t_const_750,t_umd_90,0.5873613592017759,0.5873613592017759
r2_90,r2_750,0.585414046524272,0.585414046524272
t_hml_180,ir_p3y,0.5847799402549777,0.5847799402549777
const_750,t_umd_120,0.5847535565993566,0.5847535565993566
const_250,sr_p3y,0.5779053559820171,0.5779053559820171
t_const_750,t_umd_120,0.5738635724382635,0.5738635724382635
t_hml_250,ir_p3y,0.5686662992535042,0.5686662992535042
t_mkt_120,sr_p6m,-0.5666760420573954,0.5666760420573954
t_umd_250,t_umd_750,0.564936454233179,0.564936454233179
t_const_750,r2_180,-0.5643041993923908,0.5643041993923908
t_umd_120,sr_p3y,0.5622041582524664,0.5622041582524664
r2_90,t_mkt_750,0.5606408235333062,0.5606408235333062
t_hml_750,ir_p3y,0.5602490305641348,0.5602490305641348
t_const_750,t_mkt_120,-0.5573517496003381,0.5573517496003381
t_const_750,t_mkt_180,-0.5547650513643105,0.5547650513643105
const_750,r2_180,-0.5524134397817323,0.5524134397817323
r2_120,sr_p6m,-0.5521166253973601,0.5521166253973601
const_750,t_mkt_120,-0.5517605762073994,0.5517605762073994
const_120,const_250,0.5460410167067797,0.5460410167067797
const_750,t_mkt_180,-0.5433147174968316,0.5433147174968316
const_250,t_const_120,0.5411453507814663,0.5411453507814663
t_const_120,t_const_250,0.540269380209664,0.540269380209664
const_120,t_const_250,0.5401785436314621,0.5401785436314621
t_mkt_120,sr_p3y,-0.5394451263970481,0.5394451263970481
t_const_250,t_const_750,0.5389306275254642,0.5389306275254642
const_750,t_const_250,0.5376532473780203,0.5376532473780203
t_const_120,ir_p1y,0.5367280224547382,0.5367280224547382
const_120,ir_p1y,0.5364407752764915,0.5364407752764915
t_const_750,r2_120,-0.5364122179028707,0.5364122179028707
const_750,r2_120,-0.5297226038084412,0.5297226038084412
r2_120,sr_p3y,-0.528243031040438,0.528243031040438
r2_90,t_mkt_250,0.5269226665799392,0.5269226665799392
r2_180,sr_p3y,-0.5262397598156828,0.5262397598156828
r2_180,sr_p1y,-0.5256413455373,0.5256413455373
t_smb_120,t_smb_750,0.5223081570526512,0.5223081570526512
const_250,const_750,0.5185543010191083,0.5185543010191083
const_250,t_const_750,0.5174926042985581,0.5174926042985581
t_const_750,t_mkt_90,-0.5171974373511488,0.5171974373511488
t_const_250,ir_p3y,0.5161571423766987,0.5161571423766987
t_smb_90,t_smb_750,0.5144378016230648,0.5144378016230648
t_mkt_90,sr_p6m,-0.5143554359361243,0.5143554359361243
const_750,t_mkt_90,-0.5135755219791304,0.5135755219791304
t_hml_120,ir_p3y,0.5134822150986281,0.5134822150986281
const_750,ir_p1y,0.5112212147933902,0.5112212147933902
t_mkt_180,sr_p3y,-0.510345923987812,0.510345923987812
t_const_750,ir_p1y,0.5074712087078982,0.5074712087078982
t_const_750,r2_250,-0.5048804207014744,0.5048804207014744
sr_p1y,sr_p3y,0.501694694211201,0.501694694211201
const_250,ir_p3y,0.5015205767932054,0.5015205767932054
t_mkt_750,t_umd_120,-0.5007891346280068,0.5007891346280068
r2_180,sr_p6m,-0.4986254607499231,0.4986254607499231
t_mkt_750,t_umd_90,-0.49587505006391386,0.49587505006391386
t_mkt_180,sr_p6m,-0.49548260014689155,0.49548260014689155
t_const_750,r2_90,-0.488707431663602,0.488707431663602
r2_90,sr_p6m,-0.4875233018011253,0.4875233018011253
t_hml_250,sr_p3y,0.48338821681030414,0.48338821681030414
const_750,r2_90,-0.48299839997725846,0.48299839997725846
const_750,r2_250,-0.48178450240344756,0.48178450240344756
const_750,t_umd_180,0.48005914370776076,0.48005914370776076
t_hml_180,sr_p3y,0.4795121025427268,0.4795121025427268
const_90,ir_p1y,0.4766101885351219,0.4766101885351219
t_const_90,ir_p1y,0.4761595581430171,0.4761595581430171
t_mkt_120,sr_p1y,-0.47606846640945355,0.47606846640945355
t_mkt_90,sr_p3y,-0.47601807003814944,0.47601807003814944
sr_p6m,sr_p3y,0.47553742448883685,0.47553742448883685
const_90,const_250,0.47315070772385553,0.47315070772385553
const_250,t_const_90,0.471749337352957,0.471749337352957
t_const_90,t_const_250,0.47173427557003755,0.47173427557003755
const_90,t_const_250,0.4708906240426715,0.4708906240426715
const_750,sr_p1y,0.4703349679437865,0.4703349679437865
t_const_750,t_umd_180,0.4683998286485331,0.4683998286485331
t_const_750,sr_p1y,0.46652349698999374,0.46652349698999374
t_mkt_750,t_umd_180,-0.4661375748718367,0.4661375748718367
r2_90,sr_p3y,-0.46347240036914417,0.46347240036914417
t_hml_90,ir_p3y,0.4608685628295014,0.4608685628295014
t_const_250,ir_p6m,0.4598158689738881,0.4598158689738881
t_umd_180,sr_p3y,0.459204700978428,0.459204700978428
const_250,ir_p6m,0.4546931401652375,0.4546931401652375
r2_750,t_umd_90,-0.4517534558819656,0.4517534558819656
t_const_750,t_mkt_250,-0.45152492117499166,0.45152492117499166
r2_750,t_umd_120,-0.447582635125882,0.447582635125882
const_750,sr_p6m,0.44459010631940116,0.44459010631940116
ir_p3y,sr_p1y,0.44361783135735844,0.44361783135735844
t_const_750,t_mkt_750,-0.4426877139659991,0.4426877139659991
t_const_750,sr_p6m,0.4399236143446602,0.4399236143446602
const_750,t_mkt_250,-0.4299768930370836,0.4299768930370836
t_umd_180,t_umd_750,0.4289866729683452,0.4289866729683452
r2_250,t_umd_90,-0.4283057857258969,0.4283057857258969
r2_250,sr_p6m,-0.4253057825967528,0.4253057825967528
r2_250,sr_p3y,-0.42341278916769154,0.42341278916769154
t_hml_750,ir_p1y,0.41895170343293775,0.41895170343293775
t_mkt_250,sr_p6m,-0.4094608694784546,0.4094608694784546
const_750,t_mkt_750,-0.4074465877465155,0.4074465877465155
t_mkt_750,sr_p3y,-0.4054466900227517,0.4054466900227517
r2_250,t_umd_120,-0.4040298926819722,0.4040298926819722
t_mkt_180,t_umd_90,-0.40306244692738813,0.40306244692738813
t_const_750,r2_750,-0.403054522882757,0.403054522882757
r2_180,t_umd_90,-0.4027866572901556,0.4027866572901556
t_umd_90,ir_p3y,0.40077120950650663,0.40077120950650663
r2_750,t_umd_180,-0.3998938306477081,0.3998938306477081
t_mkt_250,t_umd_90,-0.39910150212944606,0.39910150212944606
t_umd_120,ir_p3y,0.3978353747024694,0.3978353747024694
t_const_180,t_umd_750,-0.3968308228503722,0.3968308228503722
t_mkt_90,sr_p1y,-0.3928167120211669,0.3928167120211669
t_mkt_250,t_umd_120,-0.39043035880638804,0.39043035880638804
t_const_250,t_umd_90,0.3891299944146999,0.3891299944146999
const_180,t_umd_750,-0.3879402631636147,0.3879402631636147
t_hml_120,sr_p3y,0.38368444617070346,0.38368444617070346
t_const_250,t_umd_750,-0.3828812587526662,0.3828812587526662
t_umd_90,sr_p1y,0.3827050383263347,0.3827050383263347
r2_90,ir_p1y,-0.3774084674728548,0.3774084674728548
const_250,t_umd_90,0.3761860244820046,0.3761860244820046
const_250,t_umd_750,-0.3749067756583549,0.3749067756583549
t_smb_250,sr_p1y,-0.37486217944989,0.37486217944989
const_750,t_hml_250,0.37182528235463846,0.37182528235463846
t_smb_180,sr_p1y,-0.371512486532224,0.371512486532224
r2_120,sr_p1y,-0.37079005982498286,0.37079005982498286
const_750,t_hml_180,0.37076386702564024,0.37076386702564024
t_const_180,ir_p3y,0.36971637738082935,0.36971637738082935
t_const_250,r2_90,-0.36768216469543596,0.36768216469543596
t_umd_250,ir_p6m,-0.36672590650590886,0.36672590650590886
const_750,r2_750,-0.3661796181272022,0.3661796181272022
t_const_750,t_hml_250,0.36370275213008807,0.36370275213008807
t_const_750,t_hml_180,0.3606954502671329,0.3606954502671329
r2_120,ir_p1y,-0.36025980820225345,0.36025980820225345
t_mkt_750,t_umd_250,-0.36021356403688704,0.36021356403688704
t_mkt_180,t_umd_120,-0.3598294048485117,0.3598294048485117
const_180,ir_p3y,0.3596223539910999,0.3596223539910999
t_const_250,r2_120,-0.3575838206467517,0.3575838206467517
const_250,r2_90,-0.35726852542016074,0.35726852542016074
t_hml_90,ir_p1y,0.3572454052977578,0.3572454052977578
t_umd_120,sr_p1y,0.35582936031998613,0.35582936031998613
t_mkt_90,ir_p1y,-0.35494637868817,0.35494637868817
t_mkt_250,sr_p3y,-0.35270109389446924,0.35270109389446924
t_hml_120,ir_p1y,0.3465448254114988,0.3465448254114988
const_250,r2_120,-0.3460460150860671,0.3460460150860671
t_const_120,t_umd_250,-0.34483985887775853,0.34483985887775853
r2_180,t_umd_120,-0.3441804641391121,0.3441804641391121
t_const_120,t_umd_750,-0.34078099281926333,0.34078099281926333
t_const_250,t_smb_750,-0.34070475809211953,0.34070475809211953
r2_750,sr_p3y,-0.3396910002595917,0.3396910002595917
const_120,t_umd_750,-0.3381484917129029,0.3381484917129029
t_hml_90,sr_p3y,0.3380122822136309,0.3380122822136309
t_hml_180,ir_p1y,0.3368238967645469,0.3368238967645469
t_mkt_120,t_umd_90,-0.335694418659386,0.335694418659386
t_mkt_750,sr_p1y,-0.3356455266493508,0.3356455266493508
t_umd_180,ir_p3y,0.3335977124209836,0.3335977124209836
const_750,t_umd_250,0.332821455453515,0.332821455453515
t_mkt_120,ir_p3y,-0.3319408853587075,0.3319408853587075
r2_120,t_smb_750,0.3299683433704714,0.3299683433704714
t_umd_90,ir_p1y,0.32782887115796083,0.32782887115796083
ir_p3y,sr_p6m,0.32413577439758484,0.32413577439758484
t_const_250,r2_180,-0.3235241348949527,0.3235241348949527
t_hml_750,sr_p1y,0.3224060285517935,0.3224060285517935
t_mkt_180,ir_p3y,-0.32072137570219283,0.32072137570219283
t_const_750,t_umd_250,0.32039927830421494,0.32039927830421494
t_hml_250,t_umd_250,0.3185463571814927,0.3185463571814927
const_120,t_umd_250,-0.3183806058466033,0.3183806058466033
t_smb_750,t_umd_750,0.3180051478186195,0.3180051478186195
t_smb_120,sr_p1y,-0.31795040184716233,0.31795040184716233
t_smb_90,sr_p6m,-0.31680145213571226,0.31680145213571226
t_const_90,t_umd_250,-0.3167835776474484,0.3167835776474484
t_const_180,r2_90,-0.31619014192294115,0.31619014192294115
const_250,r2_180,-0.3161775493887636,0.3161775493887636
t_hml_250,t_umd_180,0.31564102303869485,0.31564102303869485
const_180,r2_90,-0.3156094121694373,0.3156094121694373
t_hml_750,sr_p3y,0.3126287337371371,0.3126287337371371
r2_90,t_smb_750,0.3123633815037032,0.3123633815037032
t_mkt_120,ir_p1y,-0.3118985209805209,0.3118985209805209
t_const_250,t_umd_120,0.3118370843932516,0.3118370843932516
t_umd_750,ir_p1y,-0.311731548750243,0.311731548750243
t_const_250,t_mkt_90,-0.3102901745465148,0.3102901745465148
const_250,t_smb_750,-0.3091449144668409,0.3091449144668409
t_smb_90,sr_p1y,-0.3086209697504496,0.3086209697504496
t_smb_180,t_umd_250,0.3084586991916888,0.3084586991916888
t_mkt_90,ir_p3y,-0.30778198489235936,0.30778198489235936
t_const_180,sr_p3y,0.30777226729092527,0.30777226729092527
r2_180,t_smb_750,0.30769760260073586,0.30769760260073586
t_umd_180,ir_p6m,-0.3075378449286035,0.3075378449286035
r2_180,ir_p1y,-0.30687004986300664,0.30687004986300664
t_const_90,t_umd_750,-0.305888315677066,0.305888315677066
const_90,t_umd_750,-0.30564630295428274,0.30564630295428274
const_180,r2_120,-0.3031343398911565,0.3031343398911565
t_mkt_750,ir_p3y,-0.3027809375482068,0.3027809375482068
const_180,sr_p3y,0.30243475559149197,0.30243475559149197
t_mkt_750,sr_p6m,-0.3019630762002647,0.3019630762002647
const_250,t_mkt_90,-0.3016145399813187,0.3016145399813187
const_90,t_umd_250,-0.30145511992686,0.30145511992686
const_250,t_umd_120,0.30119677258425964,0.30119677258425964
t_mkt_250,t_umd_180,-0.3008176713799384,0.3008176713799384
