,tna,vol_flows,const_90,const_120,const_180,const_250,const_750,t_const_90,t_const_120,t_const_180,t_const_250,t_const_750,r2_90,r2_120,r2_180,r2_250,r2_750,t_mkt_90,t_mkt_120,t_mkt_180,t_mkt_250,t_mkt_750,t_smb_90,t_smb_120,t_smb_180,t_smb_250,t_smb_750,t_hml_90,t_hml_120,t_hml_180,t_hml_250,t_hml_750,t_umd_90,t_umd_120,t_umd_180,t_umd_250,t_umd_750,ir_p6m,ir_p1y,ir_p3y,sr_p6m,sr_p1y,sr_p3y
tna,1.0,0.8458488721776091,0.004289509425043728,0.008600808032274606,0.028562561205244797,0.03279232972046305,0.027094573790006134,0.007162689335262137,0.012806036240267932,0.033154204091423306,0.03908312835967641,0.04019983212915469,-0.08268499429512359,-0.08737180288579235,-0.09996402731408441,-0.10987333801105786,-0.08259145343349135,-0.08427232795108895,-0.09044665901947829,-0.09826694213907383,-0.1041938681343669,-0.10737682102802615,-0.15178211340753842,-0.1616798288312636,-0.16066623785325684,-0.1481236713227841,-0.11496947177457671,-0.011088542005170964,-0.012904387454349096,-0.011639250437181406,-0.00842423576720903,0.0932612870768044,-0.07253997302737057,-0.08247786208434663,-0.1078554674683722,-0.14367652536064823,-0.2619968550177274,-0.004192590507744763,0.028660424082235403,0.0669369315276107,0.024914640128518583,0.019560966618811532,0.01556628486975932
vol_flows,0.8458488721776091,1.0,0.022967677707812453,0.0233409289352504,0.029411929905192657,0.017942059089371267,0.0754657191470922,0.028974461000447527,0.02824470070620215,0.03311868192763284,0.017029554398102685,0.08080292330650644,-0.04511506432825008,-0.046511462283839566,-0.0594916579517157,-0.07684570148199985,-0.1286392246219056,-0.06820891518918468,-0.07614464457582841,-0.09475605802602916,-0.11027629084574417,-0.16399135637350243,-0.10111109615440703,-0.11045227363802917,-0.10813652046808929,-0.10656590530810252,0.005712329325097911,0.024098105402243997,0.03674258582824511,0.05715852028412182,0.06983420946403297,0.06155298049117051,-0.03636731143949623,-0.03162677873938702,-0.03404015378269469,-0.04877447456178034,-0.08307333165056864,0.01635567672622533,0.03034278622384768,0.08265067526190265,0.012442002709086443,0.027674742018698784,-0.008960527278038807
const_90,0.004289509425043728,0.022967677707812453,1.0,0.8576299392045715,0.6352180972875466,0.47315070772385553,0.022796938175326235,0.9876237907466553,0.8475735042761036,0.6285224016583281,0.4708906240426715,0.024135943072634426,-0.2242930094731662,-0.1923071411515421,-0.09395337205043863,0.07012987706227496,0.12844955645137018,-0.18683544374689656,-0.15077458342438735,-0.03909622629037793,0.11933472949015661,0.11074983278187117,-0.07150826947024033,-0.09676113150391953,-0.09146040321878901,-0.045745784815969734,-0.02824571145485132,0.07378103074262259,0.04068528858887541,-0.02999893220572945,-0.09137648758194081,0.20895679542091528,-0.10253577163330067,-0.17300510322649693,-0.2703775473403859,-0.30145511992686,-0.30564630295428274,0.7426332919112784,0.4766101885351219,0.1605327308058046,0.15282237654790268,0.006999574214250492,0.12387118160157791
const_120,0.008600808032274606,0.0233409289352504,0.8576299392045715,1.0,0.7657425904593104,0.5460410167067797,0.07030330819656738,0.8494315477070336,0.9868713176463515,0.7559848675298472,0.5401785436314621,0.07372343065193539,-0.21692043260939659,-0.2163427166856244,-0.12907759623187268,0.04745160758001585,0.11470375181354657,-0.17089346463134597,-0.16698999037068654,-0.0674364677798376,0.1110445007516896,0.10103968822391624,-0.043933457938433215,-0.07156935292203041,-0.079062422071154,-0.04381084713554054,-0.0470476042639038,0.08365268624756259,0.06888663429160832,-0.010559784358820708,-0.11480524832237095,0.19970820015831953,-0.008884787369509272,-0.12218675048723741,-0.23584919784960398,-0.3183806058466033,-0.3381484917129029,0.8464399192711265,0.5364407752764915,0.20497438229697956,0.11582244399183413,0.04729109010361586,0.12808238524298923
const_180,0.028562561205244797,0.029411929905192657,0.6352180972875466,0.7657425904593104,1.0,0.7960196385592281,0.28318655339772025,0.6263751734533917,0.7579956409707743,0.9880574861453224,0.7906065169256326,0.2873257463828975,-0.3156094121694373,-0.3031343398911565,-0.2920571526726339,-0.15715176645358084,-0.018188796576027597,-0.25080431630967914,-0.2186930746313419,-0.21103282441317112,-0.06800919452980671,-0.0437699586650999,-0.03027867084800017,-0.04779389329888693,-0.12381357718137057,-0.12888595062468283,-0.1712393084300584,0.11100295818344887,0.07551689410390881,0.03949027198856437,-0.09283304958089494,0.19783353126804137,0.15910628153128475,0.06971683986729492,-0.10162261301990667,-0.26402499116016787,-0.3879402631636147,0.6836756642195178,0.7347141116509974,0.3596223539910999,0.08892411663221536,0.16322185284569538,0.30243475559149197
const_250,0.03279232972046305,0.017942059089371267,0.47315070772385553,0.5460410167067797,0.7960196385592281,1.0,0.5185543010191083,0.471749337352957,0.5411453507814663,0.7890347452989989,0.9882121809024349,0.5174926042985581,-0.35726852542016074,-0.3460460150860671,-0.3161775493887636,-0.2700079477086887,-0.16361888305828362,-0.3016145399813187,-0.2638098748793637,-0.21754224085905757,-0.16645970964500406,-0.20333242102248464,-0.011677101346738562,-0.008001272273182735,-0.08967670666836287,-0.12581266395596466,-0.3091449144668409,0.15759939083625005,0.12963330194858913,0.09524451973093245,-0.00550689313317195,0.21819246266028036,0.3761860244820046,0.30119677258425964,0.12406170344677254,-0.061309463409607204,-0.3749067756583549,0.4546931401652375,0.8559775865437003,0.5015205767932054,0.15374539350158264,0.21441727697829838,0.5779053559820171
const_750,0.027094573790006134,0.0754657191470922,0.022796938175326235,0.07030330819656738,0.28318655339772025,0.5185543010191083,1.0,0.013550510906732554,0.060326522759776104,0.29160556799376386,0.5376532473780203,0.9915787950265355,-0.48299839997725846,-0.5297226038084412,-0.5524134397817323,-0.48178450240344756,-0.3661796181272022,-0.5135755219791304,-0.5517605762073994,-0.5433147174968316,-0.4299768930370836,-0.4074465877465155,-0.11528281405813327,-0.09349664872654295,-0.12909305416370884,-0.11099939511208645,-0.25032422821951644,0.23153457914060255,0.2880112353890934,0.37076386702564024,0.37182528235463846,0.16536826555771322,0.5991626650776145,0.5847535565993566,0.48005914370776076,0.332821455453515,0.020301538707362513,0.008148496589290571,0.5112212147933902,0.8065371110650137,0.44459010631940116,0.4703349679437865,0.8669598841248775
t_const_90,0.007162689335262137,0.028974461000447527,0.9876237907466553,0.8494315477070336,0.6263751734533917,0.471749337352957,0.013550510906732554,1.0,0.8571571435162739,0.6296577991835427,0.47173427557003755,0.015380205113177082,-0.19196627434667993,-0.15630285538573307,-0.05293923018156436,0.10385855458714786,0.13725542687390205,-0.1546685082220175,-0.11621789270751508,0.0019077496638463243,0.1514110443769823,0.1182234708901279,-0.060425000205393084,-0.09328079744182691,-0.09055119846088851,-0.04142812004658629,-0.023077082651022107,0.10925093719160292,0.07271631984368825,-0.006284432777076171,-0.0794782890365536,0.2149717253052153,-0.11046823198030574,-0.18378444032930202,-0.2859958855934414,-0.3167835776474484,-0.305888315677066,0.7525948923517466,0.4761595581430171,0.15833714124585646,0.11376586444175558,-0.02178789024909758,0.11573350100006317
t_const_120,0.012806036240267932,0.02824470070620215,0.8475735042761036,0.9868713176463515,0.7579956409707743,0.5411453507814663,0.060326522759776104,0.8571571435162739,1.0,0.762238259561821,0.540269380209664,0.06438151252068099,-0.19098327827511768,-0.18472834487249082,-0.09459045469678858,0.07985114210808687,0.12384683483707673,-0.14267823331186447,-0.13470204467006072,-0.03194705290368862,0.14292802735600607,0.10905154523252883,-0.03823342363054196,-0.0727080492780991,-0.08672542695101723,-0.0430172365253834,-0.04145928635569058,0.11879257777146089,0.10328681637903361,0.014410103667797183,-0.10396749894473899,0.2054731392298139,-0.020601968629625697,-0.13919918398916858,-0.2612981347113415,-0.34483985887775853,-0.34078099281926333,0.8637739712578145,0.5367280224547382,0.2026229242007023,0.08153380516935507,0.027437434905630505,0.11901455207617122
t_const_180,0.033154204091423306,0.03311868192763284,0.6285224016583281,0.7559848675298472,0.9880574861453224,0.7890347452989989,0.29160556799376386,0.6296577991835427,0.762238259561821,1.0,0.7967673624607396,0.29660986732891953,-0.31619014192294115,-0.2991094411759368,-0.2717760674134246,-0.130220051379023,-0.0030564382638886296,-0.24442521030975684,-0.20844006104136437,-0.18581620236515103,-0.037293410557563404,-0.030573104178179305,-0.04374686139016291,-0.06308454189050101,-0.14208301656916178,-0.14100961828446876,-0.18315291511615192,0.1412801508760452,0.10786493301215744,0.07325560973809972,-0.06975459747594603,0.20520777420585487,0.15890790649268746,0.0678087944686922,-0.1181039711261794,-0.2795802515310131,-0.3968308228503722,0.6923644965085641,0.7464083985364771,0.36971637738082935,0.08978323206091857,0.15358959386051516,0.30777226729092527
t_const_250,0.03908312835967641,0.017029554398102685,0.4708906240426715,0.5401785436314621,0.7906065169256326,0.9882121809024349,0.5376532473780203,0.47173427557003755,0.540269380209664,0.7967673624607396,1.0,0.5389306275254642,-0.36768216469543596,-0.3575838206467517,-0.3235241348949527,-0.2639315490775883,-0.15200486564364796,-0.3102901745465148,-0.27180795326752116,-0.2196842580611116,-0.15404837462575388,-0.19516762450778763,-0.04703534255295976,-0.04325863190430019,-0.12428253850819634,-0.15432358761082096,-0.34070475809211953,0.170593443577333,0.14777223695003935,0.11924544098142552,0.01778968570502051,0.2240083272074046,0.3891299944146999,0.3118370843932516,0.12489901226884091,-0.07005629139844173,-0.3828812587526662,0.4598158689738881,0.8779309507573065,0.5161571423766987,0.18245202004944822,0.22968887186668344,0.5992809934228163
t_const_750,0.04019983212915469,0.08080292330650644,0.024135943072634426,0.07372343065193539,0.2873257463828975,0.5174926042985581,0.9915787950265355,0.015380205113177082,0.06438151252068099,0.29660986732891953,0.5389306275254642,1.0,-0.488707431663602,-0.5364122179028707,-0.5643041993923908,-0.5048804207014744,-0.403054522882757,-0.5171974373511488,-0.5573517496003381,-0.5547650513643105,-0.45152492117499166,-0.4426877139659991,-0.11140555823619203,-0.09030937138510282,-0.1258619820643743,-0.11120048454985709,-0.253336786988282,0.22200402954301124,0.2780522831419033,0.3606954502671329,0.36370275213008807,0.1665193584557206,0.5873613592017759,0.5738635724382635,0.4683998286485331,0.32039927830421494,0.0006157055001424265,0.0069111539829970915,0.5074712087078982,0.820638776889411,0.4399236143446602,0.46652349698999374,0.8527984066075469
r2_90,-0.08268499429512359,-0.04511506432825008,-0.2242930094731662,-0.21692043260939659,-0.3156094121694373,-0.35726852542016074,-0.48299839997725846,-0.19196627434667993,-0.19098327827511768,-0.31619014192294115,-0.36768216469543596,-0.488707431663602,1.0,0.9326530835262513,0.7927248402376244,0.6374618169045873,0.585414046524272,0.9418126478898512,0.8665680205242405,0.7037459069263238,0.5269226665799392,0.5606408235333062,0.07788725343485557,0.055305559177299214,0.03593378498804111,-0.0007664479890009505,0.3123633815037032,0.05624625126091801,0.041382791973528475,0.00038765539107062856,0.042558270423414264,0.13229226506505418,-0.2149543532481316,-0.16828045448060036,-0.03104595506227436,0.09380724671566652,0.23812001121057547,-0.1726488846380126,-0.3774084674728548,-0.26019170902655414,-0.4875233018011253,-0.294477270097101,-0.46347240036914417
r2_120,-0.08737180288579235,-0.046511462283839566,-0.1923071411515421,-0.2163427166856244,-0.3031343398911565,-0.3460460150860671,-0.5297226038084412,-0.15630285538573307,-0.18472834487249082,-0.2991094411759368,-0.3575838206467517,-0.5364122179028707,0.9326530835262513,1.0,0.8868721041328991,0.7346575630026351,0.648440474858796,0.8951516760523388,0.9477430440502395,0.8068807351297337,0.6318434830803973,0.6342988162600861,0.12288593491015043,0.10670342611886195,0.09064551011494835,0.05313101112630343,0.3299683433704714,0.07908761443828435,0.06928358087386224,0.004874296885594861,0.027065987092731184,0.12649859207895411,-0.2933836574581495,-0.21574246432874927,-0.08822119788244324,0.04455803914602446,0.20370209597615116,-0.15144212185330821,-0.36025980820225345,-0.2898602560789429,-0.5521166253973601,-0.37079005982498286,-0.528243031040438
r2_180,-0.09996402731408441,-0.0594916579517157,-0.09395337205043863,-0.12907759623187268,-0.2920571526726339,-0.3161775493887636,-0.5524134397817323,-0.05293923018156436,-0.09459045469678858,-0.2717760674134246,-0.3235241348949527,-0.5643041993923908,0.7927248402376244,0.8868721041328991,1.0,0.8854336132749439,0.7272730727622515,0.8114400335478812,0.8840322138090234,0.9569934332045502,0.8129765796765238,0.7332735749342545,0.12756753309541805,0.10918568961804022,0.1811658513366132,0.15054134542241665,0.30769760260073586,0.10351635895618616,0.08135060456277389,0.03537273390732011,0.0037848280166223438,0.10841634537333972,-0.4027866572901556,-0.3441804641391121,-0.16547777100048694,-0.019261098761570446,0.09147727103307321,-0.04483497556731325,-0.30687004986300664,-0.29602267031037816,-0.4986254607499231,-0.5256413455373,-0.5262397598156828
r2_250,-0.10987333801105786,-0.07684570148199985,0.07012987706227496,0.04745160758001585,-0.15715176645358084,-0.2700079477086887,-0.48178450240344756,0.10385855458714786,0.07985114210808687,-0.130220051379023,-0.2639315490775883,-0.5048804207014744,0.6374618169045873,0.7346575630026351,0.8854336132749439,1.0,0.7667109205511178,0.6838940254984878,0.7730142326105067,0.8862223879928102,0.9650542282261506,0.7826606221949329,0.09644353095439803,0.08742930395477037,0.17104702666282764,0.23620837571086237,0.2395621333211269,0.10082957609129266,0.08924041575370079,0.029252463529777763,-0.008511929550919136,0.10549622372937065,-0.4283057857258969,-0.4040298926819722,-0.27511685242833867,-0.0669895511784817,-0.022179552319950637,0.14638969666400678,-0.2196875617518025,-0.2414639788795815,-0.4253057825967528,-0.595045551230122,-0.42341278916769154
r2_750,-0.08259145343349135,-0.1286392246219056,0.12844955645137018,0.11470375181354657,-0.018188796576027597,-0.16361888305828362,-0.3661796181272022,0.13725542687390205,0.12384683483707673,-0.0030564382638886296,-0.15200486564364796,-0.403054522882757,0.585414046524272,0.648440474858796,0.7272730727622515,0.7667109205511178,1.0,0.606749131605286,0.6751647613487471,0.7329423387061027,0.7290404771115272,0.9726738073876586,-0.1188786527471326,-0.16133787517417997,-0.1400161913658248,-0.13028173521731265,0.04743596937235223,0.0630641587847121,0.02345626416245879,-0.056711715722074264,-0.07949761727306692,0.10476325949168679,-0.4517534558819656,-0.447582635125882,-0.3998938306477081,-0.2951179804828898,0.0014858960838425954,0.1507431986562722,-0.14817968964222558,-0.20532729846515219,-0.23229714065333537,-0.2189370215089547,-0.3396910002595917
t_mkt_90,-0.08427232795108895,-0.06820891518918468,-0.18683544374689656,-0.17089346463134597,-0.25080431630967914,-0.3016145399813187,-0.5135755219791304,-0.1546685082220175,-0.14267823331186447,-0.24442521030975684,-0.3102901745465148,-0.5171974373511488,0.9418126478898512,0.8951516760523388,0.8114400335478812,0.6838940254984878,0.606749131605286,1.0,0.9242938321358203,0.7906373608210452,0.6284639699905813,0.6075378593347135,0.07218070833981433,0.04908072086190832,0.048876168464124674,0.012639096723615375,0.2619736849815341,-0.06703171863705877,-0.08753681809239097,-0.11392312403518075,-0.06995477701265232,0.06522483660643803,-0.2780283662603741,-0.24331176015164718,-0.10397778293290487,0.023701961679485652,0.14353105963576726,-0.13667104263515936,-0.35494637868817,-0.30778198489235936,-0.5143554359361243,-0.3928167120211669,-0.47601807003814944
t_mkt_120,-0.09044665901947829,-0.07614464457582841,-0.15077458342438735,-0.16698999037068654,-0.2186930746313419,-0.2638098748793637,-0.5517605762073994,-0.11621789270751508,-0.13470204467006072,-0.20844006104136437,-0.27180795326752116,-0.5573517496003381,0.8665680205242405,0.9477430440502395,0.8840322138090234,0.7730142326105067,0.6751647613487471,0.9242938321358203,1.0,0.8795830474288633,0.7300645037197431,0.6862854066416096,0.10849518109810018,0.09128420409461353,0.09253535940238666,0.06721546141968736,0.27027192184682197,-0.025378226275397597,-0.05097978323119071,-0.10794216825193953,-0.08997693376488611,0.059695569354915545,-0.335694418659386,-0.2650937244716275,-0.1530393299168798,-0.017396022873066002,0.10507981219703992,-0.10590212284308867,-0.3118985209805209,-0.3319408853587075,-0.5666760420573954,-0.47606846640945355,-0.5394451263970481
t_mkt_180,-0.09826694213907383,-0.09475605802602916,-0.03909622629037793,-0.0674364677798376,-0.21103282441317112,-0.21754224085905757,-0.5433147174968316,0.0019077496638463243,-0.03194705290368862,-0.18581620236515103,-0.2196842580611116,-0.5547650513643105,0.7037459069263238,0.8068807351297337,0.9569934332045502,0.8862223879928102,0.7329423387061027,0.7906373608210452,0.8795830474288633,1.0,0.8790037476673674,0.7642122435111008,0.12253545355282511,0.10314229207175357,0.1616386683587481,0.1566581741187678,0.21668543183254882,0.020356568639904128,-0.01171199651732798,-0.06906390106892239,-0.11018803115832873,0.03326896634818446,-0.40306244692738813,-0.3598294048485117,-0.2112971143486752,-0.07947014056756416,-0.018076364662890483,-0.0019781900023366546,-0.24092689336179623,-0.32072137570219283,-0.49548260014689155,-0.6030925807301251,-0.510345923987812
t_mkt_250,-0.1041938681343669,-0.11027629084574417,0.11933472949015661,0.1110445007516896,-0.06800919452980671,-0.16645970964500406,-0.4299768930370836,0.1514110443769823,0.14292802735600607,-0.037293410557563404,-0.15404837462575388,-0.45152492117499166,0.5269226665799392,0.6318434830803973,0.8129765796765238,0.9650542282261506,0.7290404771115272,0.6284639699905813,0.7300645037197431,0.8790037476673674,1.0,0.772432279106013,0.09391502637154432,0.08842532068125795,0.15679836675687678,0.2235535190180144,0.11086016385126292,0.018484139260267412,0.006509597215109978,-0.058350148039934914,-0.11702796634150417,0.02004516222490768,-0.39910150212944606,-0.39043035880638804,-0.3008176713799384,-0.12066192264300028,-0.15471242794647552,0.17764112536741974,-0.1523413884294241,-0.23955378110824577,-0.4094608694784546,-0.6296855212070951,-0.35270109389446924
t_mkt_750,-0.10737682102802615,-0.16399135637350243,0.11074983278187117,0.10103968822391624,-0.0437699586650999,-0.20333242102248464,-0.4074465877465155,0.1182234708901279,0.10905154523252883,-0.030573104178179305,-0.19516762450778763,-0.4426877139659991,0.5606408235333062,0.6342988162600861,0.7332735749342545,0.7826606221949329,0.9726738073876586,0.6075378593347135,0.6862854066416096,0.7642122435111008,0.772432279106013,1.0,-0.0714479578675627,-0.11236632172565736,-0.09162270569856344,-0.08654692331633342,0.041247766244712304,-0.06847760463394968,-0.116461624024002,-0.20923975700976133,-0.25140751534641176,-0.06704005833374777,-0.49587505006391386,-0.5007891346280068,-0.4661375748718367,-0.36021356403688704,0.000923423150292419,0.12547550036074476,-0.22201911916498143,-0.3027809375482068,-0.3019630762002647,-0.3356455266493508,-0.4054466900227517
t_smb_90,-0.15178211340753842,-0.10111109615440703,-0.07150826947024033,-0.043933457938433215,-0.03027867084800017,-0.011677101346738562,-0.11528281405813327,-0.060425000205393084,-0.03823342363054196,-0.04374686139016291,-0.04703534255295976,-0.11140555823619203,0.07788725343485557,0.12288593491015043,0.12756753309541805,0.09644353095439803,-0.1188786527471326,0.07218070833981433,0.10849518109810018,0.12253545355282511,0.09391502637154432,-0.0714479578675627,1.0,0.9377627577923102,0.8339371658635444,0.7296155419929268,0.5144378016230648,0.14287831927728478,0.14366051420661036,0.1045193108542995,0.05969355942611852,-0.08235385663949402,0.1507244737457145,0.18936483963324285,0.20269659970669773,0.19778958021541573,0.08398344627859952,-0.011243834103645186,-0.004768058412856596,-0.07988333474282255,-0.31680145213571226,-0.3086209697504496,-0.11315083177943776
t_smb_120,-0.1616798288312636,-0.11045227363802917,-0.09676113150391953,-0.07156935292203041,-0.04779389329888693,-0.008001272273182735,-0.09349664872654295,-0.09328079744182691,-0.0727080492780991,-0.06308454189050101,-0.04325863190430019,-0.09030937138510282,0.055305559177299214,0.10670342611886195,0.10918568961804022,0.08742930395477037,-0.16133787517417997,0.04908072086190832,0.09128420409461353,0.10314229207175357,0.08842532068125795,-0.11236632172565736,0.9377627577923102,1.0,0.8838459268313982,0.7796992808725405,0.5223081570526512,0.1138852169726335,0.13623646483247587,0.10831980624371106,0.06728686049093072,-0.09796049721471527,0.18056235716295693,0.22301878427457475,0.24869702810739197,0.2532577192478459,0.10808973611763772,-0.05619278948234576,-0.0017731184039125752,-0.07748017094888517,-0.26317547725788665,-0.31795040184716233,-0.09631048110704744
t_smb_180,-0.16066623785325684,-0.10813652046808929,-0.09146040321878901,-0.079062422071154,-0.12381357718137057,-0.08967670666836287,-0.12909305416370884,-0.09055119846088851,-0.08672542695101723,-0.14208301656916178,-0.12428253850819634,-0.1258619820643743,0.03593378498804111,0.09064551011494835,0.1811658513366132,0.17104702666282764,-0.1400161913658248,0.048876168464124674,0.09253535940238666,0.1616386683587481,0.15679836675687678,-0.09162270569856344,0.8339371658635444,0.8838459268313982,1.0,0.9057798896940522,0.6072146235800029,0.08969429495191462,0.10614693749844852,0.11414533462125258,0.0958786042892543,-0.10234970339611704,0.11502833069633268,0.152555208751188,0.24923848967637852,0.3084586991916888,0.17870414985468724,-0.043347843926772836,-0.08336702558330468,-0.10292065005253669,-0.1740152513731498,-0.371512486532224,-0.12550697464535013
t_smb_250,-0.1481236713227841,-0.10656590530810252,-0.045745784815969734,-0.04381084713554054,-0.12888595062468283,-0.12581266395596466,-0.11099939511208645,-0.04142812004658629,-0.0430172365253834,-0.14100961828446876,-0.15432358761082096,-0.11120048454985709,-0.0007664479890009505,0.05313101112630343,0.15054134542241665,0.23620837571086237,-0.13028173521731265,0.012639096723615375,0.06721546141968736,0.1566581741187678,0.2235535190180144,-0.08654692331633342,0.7296155419929268,0.7796992808725405,0.9057798896940522,1.0,0.64399188226942,0.110914328991319,0.1312729011061169,0.1149341493836516,0.11291117548685119,-0.0604420084107775,0.03714412372536806,0.04947015307144631,0.1406477724375199,0.27694293270710846,0.16116742863688407,0.03209967620086412,-0.08148330240780531,-0.06465427686340224,-0.11690085581075936,-0.37486217944989,-0.11206482346833042
t_smb_750,-0.11496947177457671,0.005712329325097911,-0.02824571145485132,-0.0470476042639038,-0.1712393084300584,-0.3091449144668409,-0.25032422821951644,-0.023077082651022107,-0.04145928635569058,-0.18315291511615192,-0.34070475809211953,-0.253336786988282,0.3123633815037032,0.3299683433704714,0.30769760260073586,0.2395621333211269,0.04743596937235223,0.2619736849815341,0.27027192184682197,0.21668543183254882,0.11086016385126292,0.041247766244712304,0.5144378016230648,0.5223081570526512,0.6072146235800029,0.64399188226942,1.0,0.062072832335553794,0.05469317261036638,0.04434680495121546,0.06442587006167919,0.15552292834723067,-0.18458170949956376,-0.1438691835616779,-0.026483848600569064,0.1314848343903197,0.3180051478186195,0.07943475823753184,-0.15180339249012473,-0.02993110295727572,-0.22679058617673434,-0.10572238259630984,-0.2320772619342134
t_hml_90,-0.011088542005170964,0.024098105402243997,0.07378103074262259,0.08365268624756259,0.11100295818344887,0.15759939083625005,0.23153457914060255,0.10925093719160292,0.11879257777146089,0.1412801508760452,0.170593443577333,0.22200402954301124,0.05624625126091801,0.07908761443828435,0.10351635895618616,0.10082957609129266,0.0630641587847121,-0.06703171863705877,-0.025378226275397597,0.020356568639904128,0.018484139260267412,-0.06847760463394968,0.14287831927728478,0.1138852169726335,0.08969429495191462,0.110914328991319,0.062072832335553794,1.0,0.9444776675734385,0.8485491397348732,0.7313510529084383,0.674397438563051,0.19420335734816432,0.18183181386687775,0.1402859248379749,0.07422809869985712,-0.030672624056242114,0.20833871712600632,0.3572454052977578,0.4608685628295014,0.06952974146803531,0.07712171219860146,0.3380122822136309
t_hml_120,-0.012904387454349096,0.03674258582824511,0.04068528858887541,0.06888663429160832,0.07551689410390881,0.12963330194858913,0.2880112353890934,0.07271631984368825,0.10328681637903361,0.10786493301215744,0.14777223695003935,0.2780522831419033,0.041382791973528475,0.06928358087386224,0.08135060456277389,0.08924041575370079,0.02345626416245879,-0.08753681809239097,-0.05097978323119071,-0.01171199651732798,0.006509597215109978,-0.116461624024002,0.14366051420661036,0.13623646483247587,0.10614693749844852,0.1312729011061169,0.05469317261036638,0.9444776675734385,1.0,0.9224066946313988,0.7995192149410297,0.7117121199426374,0.22022200423377533,0.21604799514995096,0.19731136154551762,0.13338076493787548,-0.012793305426379468,0.19055347959091115,0.3465448254114988,0.5134822150986281,0.055800344236957594,0.11189055023168393,0.38368444617070346
t_hml_180,-0.011639250437181406,0.05715852028412182,-0.02999893220572945,-0.010559784358820708,0.03949027198856437,0.09524451973093245,0.37076386702564024,-0.006284432777076171,0.014410103667797183,0.07325560973809972,0.11924544098142552,0.3606954502671329,0.00038765539107062856,0.004874296885594861,0.03537273390732011,0.029252463529777763,-0.056711715722074264,-0.11392312403518075,-0.10794216825193953,-0.06906390106892239,-0.058350148039934914,-0.20923975700976133,0.1045193108542995,0.10831980624371106,0.11414533462125258,0.1149341493836516,0.04434680495121546,0.8485491397348732,0.9224066946313988,1.0,0.9066183968577198,0.7499108632303797,0.23194671673543352,0.24426539016728976,0.2612742587303683,0.2181493957365659,-0.0003292137263726326,0.13725341036312255,0.3368238967645469,0.5847799402549777,0.09467896725405632,0.17014598866352346,0.4795121025427268
t_hml_250,-0.00842423576720903,0.06983420946403297,-0.09137648758194081,-0.11480524832237095,-0.09283304958089494,-0.00550689313317195,0.37182528235463846,-0.0794782890365536,-0.10396749894473899,-0.06975459747594603,0.01778968570502051,0.36370275213008807,0.042558270423414264,0.027065987092731184,0.0037848280166223438,-0.008511929550919136,-0.07949761727306692,-0.06995477701265232,-0.08997693376488611,-0.11018803115832873,-0.11702796634150417,-0.25140751534641176,0.05969355942611852,0.06728686049093072,0.0958786042892543,0.11291117548685119,0.06442587006167919,0.7313510529084383,0.7995192149410297,0.9066183968577198,1.0,0.7808150133776501,0.23111887168471068,0.27044173848163483,0.31564102303869485,0.3185463571814927,0.09747581305710681,0.014997526928871551,0.22901578789033797,0.5686662992535042,0.23757353179241203,0.25126449253099004,0.48338821681030414
t_hml_750,0.0932612870768044,0.06155298049117051,0.20895679542091528,0.19970820015831953,0.19783353126804137,0.21819246266028036,0.16536826555771322,0.2149717253052153,0.2054731392298139,0.20520777420585487,0.2240083272074046,0.1665193584557206,0.13229226506505418,0.12649859207895411,0.10841634537333972,0.10549622372937065,0.10476325949168679,0.06522483660643803,0.059695569354915545,0.03326896634818446,0.02004516222490768,-0.06704005833374777,-0.08235385663949402,-0.09796049721471527,-0.10234970339611704,-0.0604420084107775,0.15552292834723067,0.674397438563051,0.7117121199426374,0.7499108632303797,0.7808150133776501,1.0,0.048668211756767665,0.07371714091122435,0.1169159786490003,0.1447649743813377,-0.15764112243988349,0.26508672611537515,0.41895170343293775,0.5602490305641348,0.1364937319192438,0.3224060285517935,0.3126287337371371
t_umd_90,-0.07253997302737057,-0.03636731143949623,-0.10253577163330067,-0.008884787369509272,0.15910628153128475,0.3761860244820046,0.5991626650776145,-0.11046823198030574,-0.020601968629625697,0.15890790649268746,0.3891299944146999,0.5873613592017759,-0.2149543532481316,-0.2933836574581495,-0.4027866572901556,-0.4283057857258969,-0.4517534558819656,-0.2780283662603741,-0.335694418659386,-0.40306244692738813,-0.39910150212944606,-0.49587505006391386,0.1507244737457145,0.18056235716295693,0.11502833069633268,0.03714412372536806,-0.18458170949956376,0.19420335734816432,0.22022200423377533,0.23194671673543352,0.23111887168471068,0.048668211756767665,1.0,0.9327985639919453,0.8083246423234239,0.5876236491927579,0.22750905874949579,-0.09662797397226233,0.32782887115796083,0.40077120950650663,0.2856180748758561,0.3827050383263347,0.5938456661827878
t_umd_120,-0.08247786208434663,-0.03162677873938702,-0.17300510322649693,-0.12218675048723741,0.06971683986729492,0.30119677258425964,0.5847535565993566,-0.18378444032930202,-0.13919918398916858,0.0678087944686922,0.3118370843932516,0.5738635724382635,-0.16828045448060036,-0.21574246432874927,-0.3441804641391121,-0.4040298926819722,-0.447582635125882,-0.24331176015164718,-0.2650937244716275,-0.3598294048485117,-0.39043035880638804,-0.5007891346280068,0.18936483963324285,0.22301878427457475,0.152555208751188,0.04947015307144631,-0.1438691835616779,0.18183181386687775,0.21604799514995096,0.24426539016728976,0.27044173848163483,0.07371714091122435,0.9327985639919453,1.0,0.8760427431586213,0.6914178519474216,0.28492566190787455,-0.20750321887690124,0.25636616721400984,0.3978353747024694,0.24197851570338832,0.35582936031998613,0.5622041582524664
t_umd_180,-0.1078554674683722,-0.03404015378269469,-0.2703775473403859,-0.23584919784960398,-0.10162261301990667,0.12406170344677254,0.48005914370776076,-0.2859958855934414,-0.2612981347113415,-0.1181039711261794,0.12489901226884091,0.4683998286485331,-0.03104595506227436,-0.08822119788244324,-0.16547777100048694,-0.27511685242833867,-0.3998938306477081,-0.10397778293290487,-0.1530393299168798,-0.2112971143486752,-0.3008176713799384,-0.4661375748718367,0.20269659970669773,0.24869702810739197,0.24923848967637852,0.1406477724375199,-0.026483848600569064,0.1402859248379749,0.19731136154551762,0.2612742587303683,0.31564102303869485,0.1169159786490003,0.8083246423234239,0.8760427431586213,1.0,0.8730822778485876,0.4289866729683452,-0.3075378449286035,0.07662796880165884,0.3335977124209836,0.15625970361040234,0.2585904910616633,0.459204700978428
t_umd_250,-0.14367652536064823,-0.04877447456178034,-0.30145511992686,-0.3183806058466033,-0.26402499116016787,-0.061309463409607204,0.332821455453515,-0.3167835776474484,-0.34483985887775853,-0.2795802515310131,-0.07005629139844173,0.32039927830421494,0.09380724671566652,0.04455803914602446,-0.019261098761570446,-0.0669895511784817,-0.2951179804828898,0.023701961679485652,-0.017396022873066002,-0.07947014056756416,-0.12066192264300028,-0.36021356403688704,0.19778958021541573,0.2532577192478459,0.3084586991916888,0.27694293270710846,0.1314848343903197,0.07422809869985712,0.13338076493787548,0.2181493957365659,0.3185463571814927,0.1447649743813377,0.5876236491927579,0.6914178519474216,0.8730822778485876,1.0,0.564936454233179,-0.36672590650590886,-0.10214377853570768,0.2533464438347219,0.11496013016579405,0.10748491208269745,0.29918065095410884
t_umd_750,-0.2619968550177274,-0.08307333165056864,-0.30564630295428274,-0.3381484917129029,-0.3879402631636147,-0.3749067756583549,0.020301538707362513,-0.305888315677066,-0.34078099281926333,-0.3968308228503722,-0.3828812587526662,0.0006157055001424265,0.23812001121057547,0.20370209597615116,0.09147727103307321,-0.022179552319950637,0.0014858960838425954,0.14353105963576726,0.10507981219703992,-0.018076364662890483,-0.15471242794647552,0.000923423150292419,0.08398344627859952,0.10808973611763772,0.17870414985468724,0.16116742863688407,0.3180051478186195,-0.030672624056242114,-0.012793305426379468,-0.0003292137263726326,0.09747581305710681,-0.15764112243988349,0.22750905874949579,0.28492566190787455,0.4289866729683452,0.564936454233179,1.0,-0.28966801448690044,-0.311731548750243,-0.02450107099463288,0.010667545738138285,0.12528376399444324,-0.029286303809009578
ir_p6m,-0.004192590507744763,0.01635567672622533,0.7426332919112784,0.8464399192711265,0.6836756642195178,0.4546931401652375,0.008148496589290571,0.7525948923517466,0.8637739712578145,0.6923644965085641,0.4598158689738881,0.0069111539829970915,-0.1726488846380126,-0.15144212185330821,-0.04483497556731325,0.14638969666400678,0.1507431986562722,-0.13667104263515936,-0.10590212284308867,-0.0019781900023366546,0.17764112536741974,0.12547550036074476,-0.011243834103645186,-0.05619278948234576,-0.043347843926772836,0.03209967620086412,0.07943475823753184,0.20833871712600632,0.19055347959091115,0.13725341036312255,0.014997526928871551,0.26508672611537515,-0.09662797397226233,-0.20750321887690124,-0.3075378449286035,-0.36672590650590886,-0.28966801448690044,1.0,0.6023087041066031,0.216719672068204,0.04843341791430972,-0.008663891071408726,0.10400296190189416
ir_p1y,0.028660424082235403,0.03034278622384768,0.4766101885351219,0.5364407752764915,0.7347141116509974,0.8559775865437003,0.5112212147933902,0.4761595581430171,0.5367280224547382,0.7464083985364771,0.8779309507573065,0.5074712087078982,-0.3774084674728548,-0.36025980820225345,-0.30687004986300664,-0.2196875617518025,-0.14817968964222558,-0.35494637868817,-0.3118985209805209,-0.24092689336179623,-0.1523413884294241,-0.22201911916498143,-0.004768058412856596,-0.0017731184039125752,-0.08336702558330468,-0.08148330240780531,-0.15180339249012473,0.3572454052977578,0.3465448254114988,0.3368238967645469,0.22901578789033797,0.41895170343293775,0.32782887115796083,0.25636616721400984,0.07662796880165884,-0.10214377853570768,-0.311731548750243,0.6023087041066031,1.0,0.6059366742541927,0.24132528735809466,0.2757743287670108,0.6176414404443135
ir_p3y,0.0669369315276107,0.08265067526190265,0.1605327308058046,0.20497438229697956,0.3596223539910999,0.5015205767932054,0.8065371110650137,0.15833714124585646,0.2026229242007023,0.36971637738082935,0.5161571423766987,0.820638776889411,-0.26019170902655414,-0.2898602560789429,-0.29602267031037816,-0.2414639788795815,-0.20532729846515219,-0.30778198489235936,-0.3319408853587075,-0.32072137570219283,-0.23955378110824577,-0.3027809375482068,-0.07988333474282255,-0.07748017094888517,-0.10292065005253669,-0.06465427686340224,-0.02993110295727572,0.4608685628295014,0.5134822150986281,0.5847799402549777,0.5686662992535042,0.5602490305641348,0.40077120950650663,0.3978353747024694,0.3335977124209836,0.2533464438347219,-0.02450107099463288,0.216719672068204,0.6059366742541927,1.0,0.32413577439758484,0.44361783135735844,0.792431588897303
sr_p6m,0.024914640128518583,0.012442002709086443,0.15282237654790268,0.11582244399183413,0.08892411663221536,0.15374539350158264,0.44459010631940116,0.11376586444175558,0.08153380516935507,0.08978323206091857,0.18245202004944822,0.4399236143446602,-0.4875233018011253,-0.5521166253973601,-0.4986254607499231,-0.4253057825967528,-0.23229714065333537,-0.5143554359361243,-0.5666760420573954,-0.49548260014689155,-0.4094608694784546,-0.3019630762002647,-0.31680145213571226,-0.26317547725788665,-0.1740152513731498,-0.11690085581075936,-0.22679058617673434,0.06952974146803531,0.055800344236957594,0.09467896725405632,0.23757353179241203,0.1364937319192438,0.2856180748758561,0.24197851570338832,0.15625970361040234,0.11496013016579405,0.010667545738138285,0.04843341791430972,0.24132528735809466,0.32413577439758484,1.0,0.618059138653004,0.47553742448883685
sr_p1y,0.019560966618811532,0.027674742018698784,0.006999574214250492,0.04729109010361586,0.16322185284569538,0.21441727697829838,0.4703349679437865,-0.02178789024909758,0.027437434905630505,0.15358959386051516,0.22968887186668344,0.46652349698999374,-0.294477270097101,-0.37079005982498286,-0.5256413455373,-0.595045551230122,-0.2189370215089547,-0.3928167120211669,-0.47606846640945355,-0.6030925807301251,-0.6296855212070951,-0.3356455266493508,-0.3086209697504496,-0.31795040184716233,-0.371512486532224,-0.37486217944989,-0.10572238259630984,0.07712171219860146,0.11189055023168393,0.17014598866352346,0.25126449253099004,0.3224060285517935,0.3827050383263347,0.35582936031998613,0.2585904910616633,0.10748491208269745,0.12528376399444324,-0.008663891071408726,0.2757743287670108,0.44361783135735844,0.618059138653004,1.0,0.501694694211201
sr_p3y,0.01556628486975932,-0.008960527278038807,0.12387118160157791,0.12808238524298923,0.30243475559149197,0.5779053559820171,0.8669598841248775,0.11573350100006317,0.11901455207617122,0.30777226729092527,0.5992809934228163,0.8527984066075469,-0.46347240036914417,-0.528243031040438,-0.5262397598156828,-0.42341278916769154,-0.3396910002595917,-0.47601807003814944,-0.5394451263970481,-0.510345923987812,-0.35270109389446924,-0.4054466900227517,-0.11315083177943776,-0.09631048110704744,-0.12550697464535013,-0.11206482346833042,-0.2320772619342134,0.3380122822136309,0.38368444617070346,0.4795121025427268,0.48338821681030414,0.3126287337371371,0.5938456661827878,0.5622041582524664,0.459204700978428,0.29918065095410884,-0.029286303809009578,0.10400296190189416,0.6176414404443135,0.792431588897303,0.47553742448883685,0.501694694211201,1.0
