month_date,monthly_aum,monthly_return_percent,net_flow_amount,net_flow_percent,vol_flows_12m,const_90,const_120,const_180,const_250,const_750,r2_90,r2_120,r2_180,r2_250,r2_750,t_const_90,t_const_120,t_const_180,t_const_250,t_const_750,t_mkt_90,t_mkt_120,t_mkt_180,t_mkt_250,t_mkt_750,t_smb_90,t_smb_120,t_smb_180,t_smb_250,t_smb_750,t_hml_90,t_hml_120,t_hml_180,t_hml_250,t_hml_750,t_umd_90,t_umd_120,t_umd_180,t_umd_250,t_umd_750,ir_p6m,ir_p1y,ir_p3y,sr_p6m,sr_p1y,sr_p3y
2019-01-01,,,,,,,,,,,,,,,,,,,,,,,,,,,,,,,,,,,,,,,,,,,,,,
2019-02-01,0.30830280830280826,,,,,,,,,,,,,,,,,,,,,,,,,,,,,,,,,,,,,,,,,,,,,
2019-03-01,0.09584859584859586,-0.5103785103785102,0.3266178266178266,0.34065934065934067,,,,,,,,,,,,,,,,,,,,,,,,,,,,,,,,,,,,,,,,,,
2019-04-01,-0.2753357753357753,0.07875457875457875,-0.11355311355311355,-0.030525030525030524,,,,,,,,,,,,,,,,,,,,,,,,,,,,,,,,,,,,,,,,,,
2019-05-01,0.11965811965811966,0.1562881562881563,0.4725274725274725,0.4688644688644688,,0.019487179487179485,,,,,-0.5487179487179487,,,,,-0.059829059829059825,,,,,-0.2793162393162393,,,,,-0.7121367521367521,,,,,-0.38256410256410256,,,,,0.2629059829059829,,,,,,,,,,
2019-06-01,-0.10744810744810745,0.2283272283272283,0.06776556776556776,0.09706959706959707,,-0.42837606837606834,-0.4769230769230769,,,,0.09264957264957263,0.13367521367521365,,,,-0.2458119658119658,-0.2752136752136752,,,,0.20410256410256405,0.30188034188034185,,,,-0.35521367521367525,-0.2793162393162393,,,,-0.4365811965811965,-0.4379487179487179,,,,0.06735042735042734,0.13299145299145299,,,,,,,,,
2019-07-01,-0.19704433497536944,0.5610500610500609,-0.21367521367521367,-0.07631257631257632,,-0.5219780219780219,-0.4762393162393162,,,,-0.49328449328449325,-0.39145299145299145,,,,-0.49389499389499386,-0.4981196581196581,,,,-0.231990231990232,-0.06188034188034188,,,,-0.17155067155067155,0.028376068376068375,,,,-0.7014652014652014,-0.7121367521367521,,,,0.2148962148962149,0.3764102564102564,,,,0.2287179487179487,,,0.18564102564102564,,
2019-08-01,-0.15161466885604818,0.541871921182266,-0.29009304871373837,-0.04707170224411604,,0.2863247863247863,0.17826617826617824,,,,-0.2588522588522589,-0.27228327228327226,,,,0.01587301587301587,-0.03174603174603174,,,,-0.08669108669108669,-0.08669108669108669,,,,0.1043956043956044,0.009157509157509158,,,,-0.3565323565323565,-0.2857142857142857,,,,0.18742368742368742,0.23321123321123322,,,,0.42495726495726494,,,0.4215384615384615,,
2019-09-01,0.05982905982905983,-0.3833943833943834,-0.04945054945054945,-0.1043956043956044,,0.059829059829059825,0.03931623931623932,0.22384615384615386,,,-0.06871794871794872,-0.01811965811965812,0.06076923076923077,,,-0.002393162393162393,-0.07623931623931623,0.08230769230769232,,,-0.29025641025641025,-0.2827350427350427,-0.21461538461538462,,,0.015384615384615384,0.05777777777777777,0.25230769230769234,,,0.4543589743589744,0.4584615384615384,0.5192307692307693,,,-0.02974358974358974,-0.08102564102564101,-0.24461538461538462,,,-0.3285470085470085,,,-0.28478632478632476,,
2019-10-01,0.25665024630541866,-0.21733821733821732,0.18742368742368742,-0.09829059829059829,,-0.5138461538461538,-0.4953846153846153,-0.3453846153846154,,,0.7094017094017094,0.7073504273504274,0.6061538461538462,,,-0.5336752136752136,-0.41948717948717945,-0.2846153846153846,,,0.4502564102564102,0.4953846153846153,0.39076923076923076,,,-0.06393162393162392,-0.025641025641025637,0.03230769230769231,,,0.5172649572649572,0.4858119658119658,0.34615384615384615,,,-0.33128205128205124,-0.3162393162393162,-0.3769230769230769,,,-0.6519658119658119,,,-0.71008547008547,,
2019-11-01,-0.14927425515660808,0.029064039408866992,0.3763546798029556,0.2945812807881773,,0.4230769230769231,0.24444444444444444,-0.07282051282051281,,,-0.23626373626373626,-0.1788034188034188,-0.28957264957264955,,,0.44566544566544564,0.362051282051282,0.07076923076923076,,,0.13614163614163613,0.1829059829059829,0.11247863247863246,,,0.03174603174603174,0.018803418803418803,-0.19589743589743588,,,-0.5567765567765567,-0.6088888888888888,-0.6396581196581196,,,0.7606837606837606,0.7210256410256409,0.6574358974358974,,,0.6560683760683761,,,0.6116239316239316,,
2019-12-01,-0.22493315508021391,0.5411096256684492,0.19418449197860962,0.25133689839572193,,0.7148717948717949,0.7307692307692306,0.5053846153846154,,,-0.4878632478632478,-0.5323076923076923,-0.5115384615384615,,,0.7176068376068375,0.6807692307692308,0.45692307692307693,,,-0.043418803418803414,-0.08230769230769232,-0.03923076923076923,,,0.1528205128205128,0.29923076923076924,0.19,,,-0.7517948717948718,-0.7715384615384615,-0.7953846153846152,,,0.47965811965811966,0.3215384615384615,0.2746153846153846,,,0.7530769230769231,,,0.8176923076923077,,
2020-01-01,-0.20030557677616498,0.6657754010695187,0.295788770053476,0.35695187165775405,,0.7046153846153845,0.7757264957264958,0.6553846153846155,0.29913043478260865,,-0.42358974358974355,-0.5076923076923077,-0.52,-0.3695652173913043,,0.6635897435897435,0.7244444444444444,0.6115384615384616,0.40695652173913033,,-0.1658119658119658,-0.1275213675213675,-0.13384615384615384,0.04521739130434782,,0.15418803418803417,0.305982905982906,0.29923076923076924,0.19826086956521738,,-0.8338461538461538,-0.8488888888888889,-0.8369230769230769,-0.8182608695652173,,0.5576068376068375,0.5425641025641026,0.3923076923076923,0.4765217391304347,,0.846153846153846,0.6721739130434782,,0.8605128205128205,0.7504347826086956,
2020-02-01,-0.32745098039215687,0.19052711993888463,0.37356760886172646,0.4059587471352177,-0.31769230769230766,-0.027472527472527472,0.06256410256410255,0.06692307692307692,-0.10695652173913042,,-0.1623931623931624,-0.06119658119658119,-0.1176923076923077,-0.002608695652173913,,0.02869352869352869,0.09606837606837607,0.07615384615384616,-0.05391304347826086,,0.03174603174603174,0.030427350427350425,0.022307692307692306,0.13565217391304346,,-0.14041514041514042,0.005128205128205127,-0.0723076923076923,-0.16869565217391302,,-0.41086691086691085,-0.14051282051282052,-0.21769230769230768,-0.15217391304347824,,0.21367521367521367,0.3586324786324786,0.43999999999999995,0.37304347826086953,,0.1275213675213675,0.09478260869565217,,0.15623931623931625,0.13130434782608694,
2020-03-01,0.2296918767507003,0.005882352941176471,0.012324929971988797,-0.035854341736694675,0.19076923076923075,-0.09224598930481284,-0.30871794871794866,-0.5361538461538461,-0.45692307692307693,,0.286096256684492,0.2663247863247863,0.2746153846153846,0.26,,-0.11564171122994654,-0.30393162393162393,-0.5353846153846153,-0.4392307692307692,,0.1731283422459893,0.08376068376068375,0.1276923076923077,0.12923076923076923,,0.14171122994652408,0.1651282051282051,-0.06846153846153846,0.014615384615384615,,0.6039438502673797,0.6136752136752136,0.6415384615384615,0.6584615384615385,,-0.1861631016042781,-0.4892307692307692,-0.42923076923076925,-0.4061538461538462,,-0.643076923076923,-0.6392307692307693,,-0.654017094017094,-0.693076923076923,
2020-04-01,0.3078431372549019,0.5582633053221289,0.11624649859943978,-0.032492997198879554,0.22692307692307692,0.28810160427807485,0.15812807881773394,-0.02222222222222222,-0.041538461538461545,,0.11597593582887701,0.05714285714285713,0.03658119658119658,0.07538461538461538,,0.2573529411764706,0.1448275862068965,-0.029059829059829054,-0.050769230769230775,,0.05080213903743316,0.006403940886699506,0.0010256410256410254,0.008461538461538461,,-0.11397058823529413,-0.1295566502463054,-0.2376068376068376,-0.2976923076923077,,0.16711229946524064,0.14581280788177337,0.17128205128205126,0.1276923076923077,,-0.31116310160427807,-0.4004926108374383,-0.4823931623931623,-0.5230769230769231,,0.07608100711548987,-0.22230769230769232,,0.07881773399014778,-0.18769230769230769,
2020-05-01,0.02882882882882883,-0.14985994397759103,-0.3952380952380953,-0.2935574229691877,0.15076923076923077,-0.14204545454545453,-0.21724598930481284,-0.24034188034188034,-0.14923076923076922,,-0.08422459893048129,-0.0645053475935829,-0.052307692307692305,-0.0015384615384615385,,-0.04478609625668449,-0.08355614973262032,-0.1747008547008547,-0.12846153846153846,,-0.071524064171123,-0.07052139037433156,-0.1029059829059829,-0.07384615384615385,,0.161096256684492,0.16844919786096257,0.09811965811965812,0.15076923076923077,,0.2503342245989305,0.32386363636363635,0.3976068376068376,0.36923076923076925,,-0.03141711229946524,-0.007018716577540108,-0.21777777777777776,-0.24307692307692308,,-0.23295454545454547,-0.33999999999999997,,-0.241644385026738,-0.3569230769230769,
2020-06-01,-0.18661518661518664,-0.1927927927927928,0.02187902187902188,0.16705276705276706,-0.15615384615384614,0.5478991596638656,0.41945187165775405,0.2170940170940171,0.021538461538461538,,0.1969187675070028,0.20655080213903745,0.2567521367521367,0.22846153846153847,,0.465546218487395,0.3612967914438503,0.1282051282051282,-0.013076923076923076,,0.28403361344537814,0.2667112299465241,0.27384615384615385,0.2630769230769231,,-0.006162464985994398,-0.017379679144385027,-0.02974358974358974,0.016923076923076923,,-0.380672268907563,-0.30280748663101603,-0.2827350427350427,-0.28307692307692306,,0.22436974789915967,0.14973262032085563,0.04752136752136752,0.03615384615384615,,0.3245320855614974,0.04769230769230769,,0.47459893048128343,0.17307692307692307,
2020-07-01,0.3826458036984352,-0.2813384813384814,-0.24967824967824967,-0.24324324324324326,0.1917948717948718,-0.24481792717086837,-0.32717086834733894,-0.31970443349753686,-0.3647863247863247,,-0.40168067226890763,-0.3403361344537815,-0.39901477832512305,-0.3791452991452991,,-0.1341736694677871,-0.25210084033613445,-0.25221674876847283,-0.29435897435897435,,-0.49607843137254903,-0.4941176470588236,-0.5064039408866994,-0.5124786324786325,,-0.22072829131652663,-0.16302521008403362,0.024137931034482755,-0.01811965811965812,,0.5750700280112045,0.4162464985994398,0.44729064039408856,0.4639316239316239,,-0.7439775910364146,-0.8000000000000002,-0.7724137931034482,-0.7319658119658119,,-0.30145148968678376,-0.4570940170940171,,-0.4068754774637128,-0.4721367521367521,
2020-08-01,-0.3568041725936462,-0.5040303461356093,0.32195353247984826,0.2811759127548601,-0.2745299145299145,0.47955182072829133,0.5386554621848739,0.5364304812834225,0.5904273504273503,,-0.11932773109243698,0.1123249299719888,0.17546791443850268,0.12136752136752137,,0.32773109243697485,0.4212885154061625,0.3810160427807487,0.38598290598290597,,0.45238095238095244,0.25266106442577035,0.3235294117647059,0.2287179487179487,,0.37927170868347343,0.31624649859943976,0.2469919786096257,0.18837606837606835,,-0.7605042016806723,-0.7459383753501402,-0.7072192513368984,-0.6950427350427351,,0.6159663865546219,0.3865546218487395,0.3148395721925134,0.24307692307692305,,-0.050140056022408966,0.3517948717948718,,0.18795518207282913,0.5842735042735042,
2020-09-01,0.28141299193930774,-0.09293504030346134,-0.15955429113323846,-0.05808440018966335,0.07487179487179485,-0.0453024453024453,-0.061344537815126055,-0.002005347593582888,0.11452991452991453,,-0.20411840411840412,-0.3324929971988796,-0.17145721925133692,-0.1152136752136752,,0.015444015444015444,0.01680672268907563,0.15508021390374332,0.24854700854700856,,-0.09523809523809525,-0.13557422969187674,-0.12934491978609627,-0.05504273504273505,,-0.1250965250965251,-0.17955182072829132,-0.23295454545454547,-0.3764102564102564,,0.002574002574002574,-0.028011204481792715,-0.02540106951871658,0.029059829059829054,,-0.08906048906048908,-0.061344537815126055,0.05314171122994653,0.10017094017094016,,0.08039215686274512,0.1398290598290598,,-0.07478991596638655,0.06256410256410255,
2020-10-01,0.45573913994966625,0.43598862019914647,-0.3364153627311522,-0.2830725462304409,0.3344280240831965,-0.1425997425997426,-0.32857142857142857,-0.28375350140056027,-0.2884510125889437,,0.16782496782496784,0.11260504201680673,-0.20728291316526612,-0.24466338259441706,,-0.11068211068211067,-0.2123249299719888,-0.13893557422969188,-0.18500273672687464,,-0.030373230373230378,-0.2669467787114846,-0.3364145658263305,-0.35467980295566504,,-0.12947232947232948,-0.19327731092436976,-0.1285714285714286,-0.0049261083743842365,,0.5482625482625483,0.4913165266106443,0.48123249299719895,0.5407772304324029,,-0.5338481338481339,-0.6352941176470589,-0.42689075630252105,-0.3043240284619595,,0.08319327731092437,-0.18828680897646416,,-0.3876750700280112,-0.33278598795840175,
2020-11-01,0.191377612430244,0.4277273224641646,-0.14542072436809278,-0.11806543385490754,-0.009024064171122996,-0.22574002574002577,-0.33693693693693694,-0.33753501400560226,-0.3552807486631016,,0.26666666666666666,0.23655083655083659,0.026330532212885158,-0.08021390374331552,,-0.21853281853281856,-0.31428571428571433,-0.32184873949579834,-0.28810160427807485,,0.06383526383526383,0.0018018018018018018,-0.08123249299719888,-0.10995989304812835,,-0.19871299871299875,-0.18223938223938224,-0.16302521008403362,-0.04679144385026738,,0.2447876447876448,0.3045045045045045,0.36302521008403366,0.3512700534759359,,-0.3675675675675676,-0.35392535392535396,-0.25882352941176473,-0.12967914438502673,,-0.21441441441441444,-0.3108288770053476,,-0.36138996138996143,-0.34090909090909094,
2020-12-01,0.36036036036036034,-0.005452821242294926,-0.2413466097676624,0.005926979611190137,0.3419117647058824,-0.13307593307593307,-0.057422969187675074,-0.04397759103641457,0.03776737967914439,,-0.1003861003861004,-0.04593837535014006,0.040336134453781515,-0.10628342245989306,,-0.17992277992277994,-0.049579831932773114,-0.02100840336134454,0.15909090909090912,,-0.22419562419562422,-0.18179271708683475,-0.34369747899159664,-0.24331550802139038,,-0.11917631917631917,-0.20336134453781513,-0.18179271708683475,-0.14739304812834225,,0.36911196911196914,0.31120448179271715,0.41232492997198883,0.348596256684492,,-0.3371943371943372,-0.4294117647058824,-0.48375350140056034,-0.5260695187165775,,0.17198879551820728,0.30514705882352944,,-0.12016806722689076,0.11363636363636365,
2021-01-01,0.21568627450980396,0.4498599439775911,-0.380952380952381,-0.288515406162465,0.17741935483870966,-0.054239877769289534,0.03590527119938884,-0.22058823529411767,-0.21370967741935482,,0.15110771581359816,0.2186401833460657,0.2964572192513369,0.05718475073313783,,-0.10496562261268144,0.0013750954927425514,-0.16510695187165778,-0.14589442815249265,,-0.2085561497326203,-0.15935828877005345,-0.23663101604278075,-0.23643695014662755,,-0.2189457601222307,-0.2990068754774637,-0.29812834224598933,-0.15652492668621698,,0.7188693659281894,0.816653934300993,0.813168449197861,0.7379032258064516,,-0.5083269671504965,-0.4661573720397249,-0.48696524064171126,-0.5260263929618768,,0.4747135217723453,0.10557184750733135,,0.17188693659281895,-0.07331378299120234,
2021-02-01,-0.04649859943977591,-0.5515406162464986,0.5308123249299721,0.5224089635854342,-0.13970588235294118,0.012375859434682963,0.09304812834224599,0.46423796791443855,0.33689839572192515,,-0.22566844919786092,-0.3537051184110008,-0.4167780748663102,-0.10594919786096257,,0.13124522536287242,0.19358288770053478,0.4836229946524065,0.2306149732620321,,0.0077922077922077905,-0.07960275019098549,-0.13335561497326204,0.08121657754010696,,0.5352177234530175,0.6036669213139801,0.5835561497326204,0.4491978609625669,,-0.305423987776929,-0.2647822765469824,-0.39839572192513373,-0.6323529411764706,,0.7533995416348358,0.7503437738731855,0.7349598930481284,0.5213903743315508,,-0.20794499618029028,-0.16310160427807488,,0.10313216195569137,0.006684491978609626,
2021-03-01,-0.04005602240896359,0.05798319327731092,0.3557422969187675,0.3151260504201681,0.05581550802139038,0.26106442577030814,0.173414820473644,0.26169786096256686,0.1804812834224599,,0.29215686274509806,0.1865546218487395,0.15274064171122995,0.08155080213903744,,0.26246498599439777,0.2030557677616501,0.27239304812834225,0.1734625668449198,,0.19887955182072833,0.08754774637127577,0.10327540106951873,-0.035093582887700536,,0.16946778711484592,0.13521772345301758,0.06951871657754011,0.006350267379679145,,0.2882352941176471,0.2623376623376623,0.285427807486631,0.2850935828877006,,-0.001680672268907563,0.1902215431627196,0.053810160427807494,0.06851604278074867,,0.13796791443850268,0.37500000000000006,,0.18288770053475933,0.3602941176470589,
2021-04-01,0.10280112044817928,-0.001400560224089636,-0.3196078431372549,-0.19523809523809524,0.27473262032085566,0.22717086834733893,-0.38907563025210085,-0.31489686783804427,-0.4441844919786097,,0.09327731092436976,0.07815126050420168,0.07685255920550038,0.2005347593582888,,0.24761904761904763,-0.33389355742296917,-0.31184110007639415,-0.3653074866310161,,-0.008683473389355743,-0.06834733893557424,-0.09732620320855614,-0.2309491978609626,,-0.06414565826330533,-0.146218487394958,-0.333231474407945,-0.3790106951871658,,0.6361344537815127,0.6100840336134454,0.5810542398777693,0.6236631016042781,,-0.7232492997198879,-0.7207282913165266,-0.7060351413292589,-0.7115641711229946,,0.43893557422969187,0.24298128342245992,,0.1661064425770308,-0.22459893048128346,
2021-05-01,0.07670527670527671,-0.3974789915966387,0.1862745098039216,-0.0484593837535014,-0.0875668449197861,-0.0557422969187675,0.01596638655462185,0.3414820473644003,0.48161764705882354,,-0.1627450980392157,-0.17591036414565828,-0.23055767761650112,-0.3315508021390374,,-0.04509803921568628,0.014005602240896357,0.37509549274255155,0.48629679144385035,,-0.09551820728291317,-0.08431372549019608,-0.09488158899923606,-0.10093582887700536,,0.07759103641456583,0.22913165266106442,0.4844919786096256,0.6153074866310161,,-0.3098039215686275,-0.29215686274509806,-0.1679144385026738,-0.21824866310160426,,0.4781512605042017,0.4554621848739496,0.2436974789915966,0.31885026737967914,,-0.11652661064425772,0.04879679144385027,,-0.05294117647058824,0.4237967914438503,
2021-06-01,0.21708683473389356,0.2285714285714286,0.15994397759103643,0.20700280112044817,0.21517595307917886,0.21313980137509547,0.36837280366692127,0.44719251336898397,0.41458944281524923,,0.00748663101604278,-0.07379679144385026,-0.12733957219251338,-0.1499266862170088,,0.18349885408708938,0.40779220779220776,0.45120320855614976,0.45857771260997054,,-0.09824293353705117,-0.19419404125286477,-0.16009358288770054,-0.17668621700879764,,0.06340718105423987,0.20183346065699004,0.3362299465240642,0.30095307917888564,,0.07715813598166539,0.08754774637127577,0.1450534759358289,0.187316715542522,,0.3989304812834224,0.2971734148204736,0.2877673796791444,0.19648093841642225,,0.2990068754774637,0.3647360703812316,,0.3989304812834224,0.48423753665689145,
2021-07-01,-0.09439775910364147,-0.11792717086834735,0.18515406162464987,0.02997198879551821,-0.32419786096256686,0.34453781512605036,0.30970206264323913,0.18899923605805957,0.20855614973262035,,0.26294881588999236,0.10404889228418639,0.19266615737203968,0.23328877005347595,,0.25317035905271196,0.2452253628724217,0.146218487394958,0.1751336898395722,,0.5055767761650114,0.30878533231474403,0.35431627196333076,0.41209893048128343,,-0.5853323147440793,-0.521466768525592,-0.4111535523300229,-0.23262032085561501,,-0.412070282658518,-0.6158899923605805,-0.6055003819709701,-0.5284090909090909,,-0.0013750954927425514,0.22475171886936593,0.30725744843391894,0.277072192513369,,-0.4631016042780748,-0.3412433155080214,,-0.3915966386554622,-0.14171122994652408,
2021-08-01,-0.05630252100840336,-0.5229691876750702,-0.2851540616246499,-0.2719887955182073,0.1179812834224599,-0.24950343773873185,-0.4744079449961802,-0.3518716577540107,-0.42245989304812837,,0.060351413292589765,0.05118411000763942,0.12330022918258213,0.13770053475935828,,-0.27394957983193274,-0.4915202444614209,-0.33384262796027503,-0.3783422459893048,,-0.15202444614209318,-0.20763941940412528,-0.07563025210084033,-0.01771390374331551,,0.18991596638655459,0.2779220779220779,0.06646294881588999,-0.09859625668449198,,0.44843391902215424,0.37326203208556147,0.4450725744843392,0.37500000000000006,,-0.43315508021390364,-0.3246753246753246,-0.6232238349885408,-0.5314171122994652,,-0.29931245225362874,-0.028743315508021394,,-0.45210084033613446,-0.36196524064171126,
2021-09-01,0.10954927425515659,0.3100076394194041,-0.17463712757830405,-0.280366692131398,-0.012096774193548385,-0.06340718105423987,-0.001336898395721925,-0.12199197860962568,-0.18621700879765396,,0.4759358288770053,0.2964572192513369,0.05447860962566846,0.05865102639296187,,-0.07135217723453018,-0.08723262032085562,-0.07754010695187166,-0.19281524926686217,,0.45851795263559963,0.2891042780748663,0.08455882352941177,0.006231671554252198,,-0.2864782276546982,-0.2610294117647059,-0.33890374331550804,-0.35630498533724336,,0.2348357524828113,0.25501336898395727,0.19685828877005349,0.2452346041055718,,-0.1413292589763178,-0.19385026737967917,-0.33890374331550804,-0.34274193548387094,,0.00033422459893048126,0.09494134897360704,,-0.058489304812834236,-0.20417888563049855,
2021-10-01,0.05515660809778457,-0.24644766997708176,0.27944996180290294,0.08357524828113064,0.16143048128342247,0.3103132161955691,0.22058823529411767,0.4408422459893049,0.4665775401069519,,0.05087853323147441,0.07018716577540107,-0.02339572192513369,-0.1002673796791444,,0.3093964858670741,0.19819518716577542,0.438168449197861,0.4899732620320856,,0.17983193277310922,0.23930481283422458,0.12466577540106953,0.11530748663101605,,0.2724216959511077,0.2894385026737968,0.22994652406417115,0.3669786096256685,,-0.5669977081741787,-0.5384358288770054,-0.5474598930481284,-0.5370989304812834,,0.05026737967914439,0.21056149732620322,0.4923128342245989,0.5544786096256685,,-0.01570855614973262,-0.1788101604278075,,0.19618983957219252,0.23930481283422458,
2021-11-01,-0.11583011583011583,0.04201680672268907,0.15874713521772343,0.13919022154316268,-0.06016042780748663,0.06829640947288004,0.19144385026737967,0.24632352941176472,0.16744652406417113,,0.1489686783804431,0.10893812070282656,0.05147058823529412,-0.1266711229946524,,0.013598166539343011,0.16913674560733383,0.26169786096256686,0.14806149732620322,,0.21558441558441557,0.18380443086325438,0.12967914438502673,0.022727272727272728,,0.27547746371275783,0.2504201680672269,0.11864973262032086,0.1270053475935829,,-0.27914438502673794,-0.25805958747135216,-0.3024732620320856,-0.23796791443850265,,0.07654698242933536,0.033766233766233764,0.20621657754010697,0.45487967914438504,,0.16333078686019864,-0.08255347593582889,,0.17372039724980898,0.04077540106951872,
2021-12-01,-0.09525899912203688,-0.03912483912483913,-0.035263835263835266,0.03886743886743887,-0.003342245989304813,-0.22475171886936593,-0.3213139801375095,-0.43048128342245995,-0.22794117647058826,,-0.04782276546982429,-0.017265087853323147,0.10060160427807488,0.04612299465240642,,-0.1948051948051948,-0.3231474407944996,-0.4288101604278075,-0.19017379679144386,,-0.24186401833460655,-0.2485867074102368,-0.19217914438502673,-0.1627673796791444,,-0.35523300229182575,-0.22475171886936593,-0.14772727272727273,-0.30514705882352944,,0.8102368220015278,0.8087089381207028,0.7830882352941178,0.7469919786096257,,0.3362872421695951,0.09152024446142093,-0.2931149732620321,-0.6052807486631016,,-0.20427807486631014,0.3265374331550802,,-0.3368983957219251,0.1306818181818182,
2022-01-01,-0.035618776671408246,-0.266661345678027,0.26011652965120924,0.15140873174235775,0.05882352941176471,0.2760886172650878,0.3711229946524064,0.37466577540106955,0.42479946524064177,0.29870129870129875,0.1654698242933537,0.17463712757830405,0.13502673796791445,0.15274064171122995,0.365330321852061,0.24033613445378152,0.35523300229182575,0.37433155080213903,0.3960561497326204,0.30434782608695654,0.15874713521772343,0.1703590527119939,0.18181818181818182,0.17914438502673796,0.3890457368718239,-0.2296409472880061,-0.27944996180290294,-0.31383689839572193,-0.32319518716577544,-0.21513269339356297,-0.2589763177998472,-0.21772345301757062,-0.2038770053475936,-0.1948529411764706,-0.2298136645962733,-0.02704354469060351,-0.1174942704354469,-0.16343582887700536,-0.008689839572192513,0.25804630152456237,0.10741023682200151,-0.08823529411764706,0.1518915866741954,0.1679144385026738,0.021724598930481284,0.41840767927724454
2022-02-01,-0.1452904989747095,0.05167464114832536,0.01216678058783322,0.16486671223513327,0.043114973262032084,0.5303284950343773,0.6207792207792208,0.44293353705118405,0.4491978609625669,0.026538678712591763,0.3423987776928953,0.38059587471352174,0.4768525592055004,0.5116978609625669,0.4669678147939018,0.521161191749427,0.5941940412528648,0.43407181054239874,0.39639037433155083,-0.0016939582156973462,0.36134453781512604,0.32620320855614976,0.39251336898395717,0.429812834224599,0.36871823828345573,-0.23025210084033612,-0.30817417876241404,-0.2950343773873186,-0.3315508021390374,-0.16205533596837948,0.12513368983957218,0.09488158899923606,0.20275019098548508,0.23763368983957223,0.2840203274985884,0.002902979373567609,0.1309396485867074,0.11046600458365163,-0.04378342245989305,-0.16883116883116886,0.4722689075630252,0.4391711229946524,0.08752117447769624,0.494576012223071,0.6189839572192514,0.1575381140598532
2022-03-01,-0.004401913875598087,0.04626110731373889,-0.1442241968557758,-0.042269309637730686,-0.06951871657754011,0.1112044817927171,0.0050420168067226885,-0.04385026737967914,-0.27239304812834225,-0.6521739130434784,-0.4170868347338936,-0.4863254392666157,-0.387318563789152,-0.3760026737967915,-0.1609260304912479,0.11036414565826332,0.016348357524828112,-0.0016806722689075631,-0.2356283422459893,-0.6013551665725579,-0.3677871148459384,-0.4844919786096256,-0.4197097020626432,-0.40942513368983957,-0.30321852060982496,0.15518207282913166,0.06768525592055004,0.05240641711229946,0.045454545454545456,-0.18012422360248448,0.561624649859944,0.5981665393430099,0.5135217723453017,0.5213903743315508,0.5923207227555054,-0.4473389355742297,-0.1850267379679144,-0.38792971734148196,-0.5397727272727273,-0.5618294748729532,0.22047364400305572,0.23362299465240643,-0.4059853190287973,0.26264323911382736,0.12232620320855615,-0.7108977978543197
2022-04-01,0.07442241968557758,0.15969924812030076,-0.21203007518796993,-0.12866712235133287,-0.07185828877005349,0.1439978847170809,0.16974789915966385,0.33445378151260496,0.32319518716577544,-0.15302089215132694,-0.38434690639873076,-0.32895339954163483,-0.4631016042780748,-0.44986631016042783,-0.11801242236024848,0.16583818085668955,0.25286478227654696,0.37173414820473644,0.3345588235294118,-0.06041784302653869,-0.28053939714436804,-0.22444614209320088,-0.415126050420168,-0.3893716577540107,-0.2670807453416149,-0.05319936541512426,-0.25347593582887695,-0.26142093200916733,-0.16410427807486633,-0.3529079616036138,0.29397144368059225,0.41329258976317795,0.39831932773109235,0.4294786096256685,0.4059853190287973,-0.3696985721840296,-0.335064935064935,-0.5605805958747135,-0.5374331550802139,-0.3596837944664032,0.25225362872421697,0.304812834224599,-0.0028232636928289105,0.1605805958747135,0.33489304812834225,-0.1643139469226426
2022-05-01,-0.13739425131830196,0.35125085440874915,-0.053397129186602874,0.06411483253588517,-0.09763177998472114,0.35409724793286446,0.33120042305658376,0.2479755538579068,0.04779411764705883,-0.32580463015245625,0.006602492903862768,-0.051189846641988355,-0.24461420932009165,-0.1587566844919786,0.14398644833427443,0.30744785881772185,0.32395557905869904,0.2385026737967914,0.06483957219251336,-0.2896668548842462,0.07117734172528695,-0.012797461660497089,-0.20763941940412528,-0.15608288770053477,0.07735742518351214,-0.0933604837714427,-0.06515071390798517,-0.033460656990068754,-0.1233288770053476,-0.2523997741389046,0.24308897939034926,0.3378106821787414,0.42337662337662335,0.36898395721925137,0.4376058723884812,-0.1728372207824263,-0.056848228450555253,-0.07838044308632544,-0.23830213903743316,-0.43083003952569177,0.40784313725490196,0.1524064171122995,-0.0852625635234331,0.33165266106442576,0.14906417112299467,-0.21287408243929987
2022-06-01,0.057692307692307696,-0.5042425928501878,-0.2561362687944966,-0.42136344667990233,-0.04965622612681436,-0.4709774436090225,-0.3058074474242717,-0.2904507257448434,-0.46340718105423984,0.07735742518351214,0.06261107313738892,0.08145218342015564,0.13460656990068756,0.08418640183346066,-0.17786561264822137,-0.46838004101161995,-0.3125281368576758,-0.29931245225362874,-0.44660045836516415,0.15302089215132694,0.0252904989747095,0.04527622355135379,0.13460656990068756,0.07593582887700534,-0.08300395256916997,0.4307040328092959,0.39639205093575164,0.3127578304048892,0.17372039724980898,0.4138904573687183,-0.3835133287764867,-0.42231011640619975,-0.3155080213903743,-0.27883880825057294,-0.12817617165443254,-0.112946001367054,-0.18184449160717733,-0.044461420932009166,0.18380443086325438,0.06267645398080182,-0.3791879762029016,-0.386707410236822,0.06606437041219651,-0.3309257906272832,-0.40106951871657753,-0.07058159232072277
2022-07-01,-0.12013145082765338,-0.08208373904576437,-0.04235637779941578,0.08074488802336904,0.044766997708174175,0.4363362952836637,0.2734381408065618,0.20519480519480518,0.20275019098548508,-0.5681818181818182,-0.12546821599453176,-0.045112781954887216,-0.09152024446142093,-0.13460656990068756,-0.19960474308300394,0.41462747778537257,0.23589883800410116,0.1498854087089381,0.20550038197097018,-0.4535573122529644,-0.19223513328776484,-0.11406698564593301,-0.10985485103132162,-0.1712757830404889,-0.2717391304347826,0.25987696514012304,0.3151879699248121,0.16638655462184873,0.1419404125286478,-0.02766798418972332,0.20647983595352015,0.1524265208475735,0.27394957983193274,0.36134453781512604,0.3784584980237154,0.3120164046479836,0.19729323308270677,-0.09488158899923606,-0.07471352177234529,-0.4258893280632411,0.20096728307254622,0.2641711229946524,-0.21541501976284588,0.257325746799431,0.27364400305576775,-0.48517786561264825
2022-08-01,-0.08097896813735778,0.4087877312560857,0.18120740019474196,0.2461295034079844,-0.01390374331550802,0.41347915242652084,0.3228434723171565,0.20930724484399787,0.2485867074102368,-0.2727272727272727,-0.05123718386876282,-0.04557758031442242,-0.11671073506081436,-0.2855614973262032,-0.1689723320158103,0.3980861244019139,0.3054818865345181,0.19138022210470645,0.254087089381207,-0.1007905138339921,-0.09049897470950101,-0.08814764183185236,-0.12564780539397144,-0.24125286478227656,-0.1492094861660079,0.22045112781954887,0.24647983595352016,0.2518773135906927,-0.14835752482811307,-0.1689723320158103,0.22430622009569376,0.18974709501025294,0.26911686938127966,0.1122994652406417,-0.04743083003952569,0.04538619275461381,0.014053315105946684,-0.19391856160761498,-0.4194041252864782,-0.26877470355731226,0.30766917293233087,0.1703590527119939,-0.31225296442687744,0.32057416267942584,0.2064171122994652,-0.41106719367588934
2022-09-01,-0.07583644683262666,0.07144956131144788,0.13236220141891608,0.06861592712312665,0.11963330786860198,0.13186813186813187,0.21692412850307588,0.4910835493027274,0.5764705882352941,0.04644268774703557,0.06682790893317209,0.13686944634313056,0.013390102431198323,-0.22841864018334607,0.2845849802371542,0.1693043798306956,0.23532467532467533,0.4949092928544984,0.5896103896103896,0.0790513833992095,0.045770019454229975,0.150622009569378,0.0715475749722325,-0.18533231474407943,0.16798418972332016,-0.3554866186445133,-0.5298701298701299,-0.3673639392817476,-0.5147440794499617,-0.291501976284585,0.3761238761238761,0.32967874231032124,0.37711341478464777,0.5245225362872421,0.5276679841897233,0.11349177138650822,-0.00883116883116883,-0.04637171417993337,0.08693659281894575,-0.46640316205533605,0.17090909090909093,0.60061115355233,0.2816205533596838,0.18154477101845523,0.5685255920550037,0.25395256916996045
2022-10-01,-0.009958533320272963,0.465438991739315,0.07671879931650723,0.12486803582895269,0.01002673796791444,0.35512588677145634,0.2743403964456596,0.34523470839260306,0.36564171122994654,0.11264822134387352,-0.007068880486602006,0.046124401913875596,0.009900426742532005,-0.2035427807486631,-0.017786561264822136,0.34624868802083986,0.28404647983595355,0.3460597439544808,0.3669786096256685,0.19466403162055337,-0.0643533681508365,-0.007956254272043746,0.02312944523470839,-0.21791443850267384,-0.1274703557312253,-0.13486513486513485,-0.19152426520847576,-0.15880512091038404,-0.14538770053475936,-0.007905138339920948,0.6439762768876692,0.5665345181134654,0.4975533428165006,0.6951871657754011,0.7885375494071146,-0.02378634024203644,0.04535885167464115,0.047937411095305825,0.12834224598930483,-0.5533596837944664,0.15388335704125178,0.3980614973262032,0.5,0.13593172119487906,0.39371657754010697,0.3952569169960475
2022-11-01,-0.0307406683603674,0.36180494335063834,0.23144066782033282,0.244022159097093,0.14873949579831933,0.3247006158398563,0.3147116041852884,0.33903271692745374,0.25775401069518716,-0.046524356869184456,-0.050822595126392596,-0.0026289499973710497,0.01294452347083926,-0.2308632543926661,-0.19102353585112206,0.31003174041148723,0.31371260318628735,0.34312944523470834,0.2455309396485867,0.0120415982484948,-0.10072206274737917,-0.1184867763815132,-0.0638122332859175,-0.21925133689839568,-0.25944170771756975,0.025278518949405023,0.1305536568694463,-0.044409672830725465,-0.1226890756302521,0.055281882868089764,0.5359071308438397,0.5065197959934802,0.47650071123755333,0.37845683728036666,0.2950191570881226,0.15909407048647553,0.12913402387086595,0.20201991465149358,-0.15324675324675324,-0.3875205254515599,0.37383668962616334,0.28953399541634833,0.19704433497536944,0.37278510962721484,0.30847975553857904,0.21893814997263272
2022-12-01,0.04365300250011793,0.1326949384404925,0.17875708422904046,0.1271643541137385,-0.021772257593153117,0.10142991092358182,0.11683253455405353,0.12665718349928876,0.18015734265734265,0.19321291735084836,-0.07151898734177216,-0.00873809734569228,0.02623044096728307,-0.023645104895104897,0.006568144499178982,0.16270511017346462,0.182033156716701,0.17405405405405402,0.22797202797202795,0.26327312534209085,-0.07606657290201595,-0.012987012987012988,0.06714082503556187,0.01700174825174825,-0.04871373836891078,-0.24313173933427104,-0.3031272524943411,-0.27860597439544804,-0.21573426573426574,-0.05473453749315818,0.20639943741209565,0.20342948191049456,0.45749644381223326,0.4106206293706294,0.36179529282977557,-0.3227613689639007,-0.28921711200192207,-0.27615931721194875,-0.168006993006993,-0.23043240284619596,0.012683519012632935,0.2574737762237762,0.4559386973180077,0.15967576727070396,0.2644667832167832,0.4351395730706075
2023-01-01,-0.08057927260719845,0.009236284730411812,-0.22685032312844947,-0.23056747959809423,-0.01604551920341394,-0.3084533254971104,-0.42207159928678917,-0.4055775803144225,-0.5195261014439095,-0.35960591133004915,-0.24933337686790522,-0.23041515446578736,-0.22091592617908407,-0.1930099962976675,-0.2689655172413793,-0.29491407363872835,-0.4249800832079313,-0.3926999316473001,-0.5112328767123286,-0.36896551724137927,-0.1737573600635605,-0.1118248839767827,-0.11975393028024607,-0.16519807478711587,-0.05467980295566501,0.4618038549863411,0.3604117401585756,0.21629528366370473,0.16691595705294332,0.5522167487684727,-0.5243630347950066,-0.48777804474006997,-0.4785235816814764,-0.39302480562754527,-0.7492610837438421,-0.12229949608733034,-0.11121789602802261,-0.14274777853725223,-0.049537208441318016,0.6024630541871919,-0.49005424954792043,-0.5347797112180672,-0.5655172413793101,-0.4904841993449588,-0.5164457608293224,-0.531527093596059
2023-02-01,-0.13355690019683603,-0.08037171564696446,0.29466484268125853,0.3274588423982263,-0.024551920341394026,0.41015008543659737,0.4703148637912082,0.36566065513433926,0.4780085348506401,0.4264738598442714,0.21872857282789696,0.17937331983761606,0.042773016457226976,0.06532005689900426,-0.029143492769744164,0.37264505175172236,0.3912343139495652,0.34657447815342546,0.42645803698435275,0.49899888765294764,0.0181648001218968,0.009719093174867492,-0.13157894736842105,-0.026458036984352774,-0.13103448275862067,-0.08777658057705076,-0.08740653671596957,-0.03012776696987223,-0.11672830725462305,0.12258064516129033,0.3411913235598219,0.33860101653225366,0.45943530154056467,0.4453485064011379,0.3027808676307008,0.41247918503281417,0.3534898401192847,0.40656711709343285,0.4389473684210526,-0.06918798665183537,0.3658101239646934,0.49357041251778094,0.5590656284760844,0.459082944243097,0.5291322901849217,0.54972191323693
2023-03-01,-0.08190566450390026,-0.02866880513231756,-0.15263906101917327,-0.17296055988918857,0.17763869132290186,-0.07543452944569608,-0.09776776482624264,-0.17864414066945714,-0.13741109530583212,-0.44649610678531704,-0.03107280068784624,0.045134467408931116,-0.11726248435109192,-0.1690469416785206,-0.15550611790878754,-0.16071875578193534,-0.1743886113559931,-0.27024873860316895,-0.229701280227596,-0.4647385984427141,-0.12802429229111567,-0.010437413611083902,-0.1931612691106362,-0.22839260312944523,-0.029588431590656286,0.2130255439100576,0.30621129504467737,0.3175179251128618,0.2888193456614509,0.05628476084538376,-0.12636997855922336,-0.12203828865597895,-0.08585085800275673,-0.17968705547652913,-0.4562847608453838,0.15207714326139243,0.14839847193652658,0.2107386284601474,0.20076813655761025,0.33170189098998887,-0.24780966685168856,-0.26190611664295876,-0.5003337041156841,-0.2561683046549341,-0.19396870554765294,-0.46785317018909905
2023-04-01,0.0879930013851425,-0.012411606036305313,-0.33524094189691617,-0.3606291463147918,-0.026372688477951635,-0.1826972970423133,-0.4207942882641678,-0.4938985065567344,-0.4252916073968705,-0.11368186874304784,-0.373083636020567,-0.3156582971452205,-0.2511286182172258,-0.17513513513513512,-0.14571746384872078,-0.23786971083541675,-0.4237328718668713,-0.5040149723694027,-0.44975817923186345,-0.12703003337041155,-0.39112222274635594,-0.31095656338089483,-0.15699490383034684,-0.08546230440967283,-0.09454949944382647,0.3366102174630879,0.3584745486009077,0.31301609782622436,0.2815931721194879,0.4251390433815351,-0.3933676116797962,-0.37183966217172215,-0.3923038986330125,-0.44460881934566143,-0.3592880978865406,-0.14243124675692248,-0.15967392605652964,-0.14139025531430593,-0.15268847795163584,0.16484983314794216,-0.40710266540416407,-0.4068563300142248,-0.332146829810901,-0.40971473971767836,-0.42207681365576094,-0.35795328142380417
2023-05-01,0.05303637821681126,-0.11709921994605232,0.09176569220675072,0.20259531967631403,0.03065355696934644,-0.22168026793716686,-0.09799518845228548,0.02064627071973531,0.19414900888585102,0.07274749721913237,0.24736072456247932,0.24111514694089342,0.19432744528248497,0.11598086124401914,-0.16618464961067853,-0.1984150195763951,-0.08784376621538752,0.018621913126761792,0.2167874231032126,0.022914349276974413,0.21726496532855322,0.1690362752960045,0.14474156789760667,0.04429254955570745,-0.2961067853170189,0.19060333034577104,0.13916694183687908,0.06524743962299061,0.1365686944634313,-0.1586206896551724,0.4043115241284966,0.39802820887777723,0.4257136948879529,0.3849077238550923,0.49632925472747497,0.13043068069248548,0.1574885607811689,0.12371436967381721,0.14107997265892003,-0.5341490545050055,0.08569474301348447,0.3105946684894053,0.4100111234705228,0.04010162204416651,0.27078605604921396,0.28186874304783094
2023-06-01,-0.07776846249179849,0.29414230516876866,0.3047313552526062,0.2873077203470146,-0.004742093349688286,-0.10452358387402493,-0.15869616491343932,0.12362730053003342,0.21235726299017435,0.010456062291434927,0.03492017204928191,0.46191801500070756,0.4526833621749872,0.3674173927338484,0.10122358175750834,-0.09280454909965735,-0.11016557384782301,0.1609146613554489,0.24475524475524474,0.020689655172413793,0.012047094845811766,0.44038869758007454,0.3903853897976731,0.2804157867449007,-0.04160177975528365,-0.10765838011226944,-0.007538091419406576,-0.16106703235707057,-0.02720064745381201,-0.24093437152391545,0.6811438361157686,0.7315345063446389,0.7941032422372417,0.7326218085711756,0.5670745272525028,-0.3216993511700809,0.18635784706825792,0.1222341942294925,0.08365052668850137,-0.20622914349276972,0.16324354922401998,0.5503736769559554,0.4473859844271412,0.0625406858814095,0.4379544506126784,0.3935483870967742
2023-07-01,0.012189308818522305,-0.05617117445505576,0.0022781949405846756,0.031639571334839973,-0.024696822165176595,-0.03136618794196981,0.006481437803669984,-0.009261980170002503,-0.03767118956992375,-0.017130144605116793,-0.08440256615878106,-0.02842586914477098,-0.020602736147843408,-0.08767182184903703,-0.41446051167964404,-0.03765400597798352,0.0034246898438605594,-0.04180407265920049,-0.09156666118691434,-0.06607341490545049,-0.07441495953925785,-0.03614321430256144,-0.055125651658123005,-0.09149078769331934,-0.3810901001112347,0.3538492381716118,0.3897636680975517,0.46463360215931476,0.39248093678473417,0.4282536151279199,-0.01811620616752934,0.024331336383791684,0.004799686551082379,-0.07892107892107891,0.005561735261401557,0.017387183786542245,0.07523939808481532,0.09981388970516211,0.048596972647605555,-0.1764182424916574,0.20839662248219257,-0.003654573274826439,-0.06874304783092325,0.20796263974715787,-0.02960330808432074,-0.08209121245828699
2023-08-01,-0.04088209841544566,0.009959141981613892,0.38512087163772557,0.39247531494722515,-0.037864193902983206,0.031767150251512714,0.18892615003280597,0.25419123543563377,0.43944885231984854,0.32459677419354843,0.3989939491142378,0.3967886564117518,0.5229774989386291,0.4468932641133641,-0.10322580645161292,0.0348472698111832,0.12305897791062184,0.30628803245436104,0.46776809133553193,0.31088709677419357,0.356947583290807,0.35680177881460956,0.47567338081984994,0.3584745486009077,-0.23266129032258068,-0.2643981920244951,-0.36013705620762554,-0.21432143025614414,-0.22155832000087072,-0.00403225806451613,0.6434533790187358,0.6870853685208135,0.6705882352941177,0.6703779889204515,0.26209677419354843,-0.031530217977691906,-0.13224465991105924,0.04778527289023067,0.06657524406569368,-0.06975806451612904,0.31043595538383023,0.647500571391256,0.37177419354838714,0.41260844207917174,0.5953679215507014,0.40806451612903233
2023-09-01,0.05507351081891413,0.16099191310316013,0.020769299632956338,-0.01102623019307093,0.06278773631109805,0.05635343005030253,0.1600386381861923,0.21841596301712346,0.23283377412087372,0.28588709677419355,0.007982795071808704,-0.004465262083545965,-0.023708665503089768,-0.12190768494030324,-0.3794354838709678,0.07417802726543703,0.16772982430560615,0.23037879145242698,0.2172483973835722,0.30000000000000004,-0.007636509440839833,-0.024422249763067724,-0.028652294919571678,-0.17497632807653377,-0.3995967741935484,-0.017660567179412407,-0.008748268571845155,-0.01297231001462333,0.010263275323516287,-0.2770161290322581,0.0723554713129693,0.051961070204855284,0.05318175385631397,0.033184227424603564,0.06572580645161291,0.16430341911496682,0.14489319822118538,0.05420066984291712,0.09369728235434965,0.027016129032258068,0.0185536195961216,0.1652898858305852,0.06854838709677422,0.1424509732448786,0.21679128437870723,0.2056451612903226
2023-10-01,-0.1867355416681718,0.20391811643937804,0.17052609590880605,0.19453313837247468,-0.2609530261969286,0.13565734232746826,0.13729892919477335,0.09124487004103968,0.1521680216802168,0.09274193548387098,0.1658851832633615,0.18001792537383837,0.16535079147938242,0.21434056007226737,-0.024193548387096777,0.17307420161328363,0.1537525354969574,0.09259331639632598,0.14523486901535682,0.05,-0.017727251285437992,0.003669984433227982,0.06480359585694744,0.09950316169828365,-0.06854838709677422,0.09997641398179159,0.053955375253549695,0.06689466484268126,-0.00934959349593496,-0.15443548387096775,0.4707863578470682,0.4793527996603613,0.5141684580809068,0.4602077687443541,0.35403225806451616,0.11116562101985943,0.125732345865371,0.04483095563806918,0.22798102981029808,-0.22419354838709676,0.4135006368224916,0.35989159891598915,0.2750000000000001,0.27638096136610213,0.3275293586269196,0.2274193548387097
2023-11-01,-0.1594552613517321,0.4587291839757251,0.34127081602427484,0.45040638659104865,-0.20338159360129593,0.19159240604416897,0.2118496155479032,0.03980376432850606,0.16504065040650406,0.07478005865102638,0.29692508189214895,0.3142506722015189,0.41465163451106185,0.5025519421860885,0.0439882697947214,0.1945510901341975,0.22285013444030377,0.05278550875041276,0.18726287262872626,0.059017595307917885,0.10758691134514461,0.1663757724420963,0.3011368460776451,0.4129629629629629,0.04765395894428152,-0.049417068789405105,-0.11490164630407095,-0.22854851643945467,-0.20307136404697382,-0.126099706744868,0.5121165157972598,0.5570734468607009,0.5546016321524601,0.5945573622402891,0.2562316715542522,0.094501778732697,0.02357658380112269,0.09276852681730272,0.2819783197831978,0.08577712609970674,0.5336761167979621,0.4659891598915989,0.2558651026392962,0.47946601254776167,0.3531616982836495,0.13049853372434017
2023-12-01,-0.1433667932718394,0.38701730303796544,0.4782068417440306,0.5458729183975725,-0.17289427398866525,0.31751871317088715,0.3423306845520157,0.03480352846832398,0.1317178034004299,0.18951612903225803,0.2360885491320274,0.27181599475103885,0.28385301193452517,0.3063709204612078,-0.3717008797653959,0.3299888517279822,0.37207479769628926,0.059672626067267316,0.15321477428180574,0.18695014662756596,-0.21380793119923555,-0.07860683822993365,-0.01472710976932874,0.11969904240766074,-0.42741935483870963,0.12323618410574931,0.1111394619814828,-0.015953582716165857,-0.04713699433261676,0.03629032258064516,0.5879120879120879,0.6062185609098198,0.6242652955328082,0.6226890756302521,0.2921554252199413,0.06774964166268514,0.1472260698403441,0.10408981555733762,0.3779558334961891,0.23093841642228732,0.6673653131151126,0.5863396521399257,0.4490469208211143,0.5229095283225195,0.4356263435606801,0.3233137829912023
2024-01-01,0.11911285946825828,0.29643244709712424,0.14849430276722736,0.11733586543678785,0.17328512800469026,0.31647817134672196,0.34240441206733335,0.3369309873107222,0.2694938440492476,0.5355571847507331,-0.00919101190653815,0.053496316417664724,-0.036860229256096985,-0.022904045339065857,-0.31011730205278587,0.2784309629673838,0.3162941926986871,0.3469314590310864,0.27092046120773894,0.5289589442815249,-0.15133836650652024,-0.13039469893402478,-0.18271616585688005,-0.12571819425444597,-0.3508064516129032,-0.1880576527110501,-0.25954644606329996,-0.3240247181470824,-0.30281414891538005,-0.031524926686217,0.17837426516666166,0.21101370539572786,0.1811123166187084,0.1700996677740864,0.27675953079178883,-0.013100176061591712,-0.0631929867884924,0.044747393744987964,0.1628688684776236,0.2789589442815249,0.2388661899897855,0.22272816103185458,0.49853372434017584,0.2307116104868914,0.24256400234512412,0.499633431085044
2024-02-01,0.2130241187384044,0.17695333695062399,-0.3072843190450352,-0.3671730873575692,0.23026557856502664,-0.18715457139760863,-0.1399133825501287,-0.12948723996414926,-0.03965281381197226,-0.001099706744868035,-0.14135028717985768,-0.20321193532974738,-0.22294447851313742,-0.20675503561488748,-0.19941348973607034,-0.2,-0.13787895134318698,-0.12567573942167082,-0.03463370913722345,0.027126099706744865,0.1949138460426977,0.14916079712713654,0.03952073211000519,0.004179442426529553,-0.20454545454545453,-0.22651446736264136,-0.20749657075042766,-0.24822869003254872,-0.1426576725317232,-0.05351906158357771,-0.5102553913954413,-0.49922167593976846,-0.4934478041417048,-0.47569224963441664,-0.19134897360703812,0.14645089043817505,0.1021222816454233,0.07176753620453795,0.0708240954762017,0.13269794721407624,-0.280566558266418,-0.2910231614698806,-0.04582111436950146,-0.20976218732179458,-0.169074012925138,-0.08101173020527859
2024-03-01,-0.11341768202175867,-0.27961743852155485,0.14191138500805323,0.22705697915068085,-0.17806584304100675,0.03951898103186942,-0.010444370670787765,-0.01828943231698797,-0.1721221384147572,-0.20566400966223244,0.4426270369101484,0.413917869948084,0.46117254671938723,0.5074791616602604,0.1024654023183493,0.024665045931042445,-0.007863119062150216,-0.02323769427419996,-0.17470717820458637,-0.1909999091515563,0.029187693486060776,-0.06754523718093744,0.04441589093821592,0.2048974239252191,0.06617175355442594,0.45095708903624443,0.449891266644183,0.4567163771115112,0.3574619437840789,0.48483182313422873,0.46432996543295196,0.45869437906670407,0.5146283563713312,0.5016581049072508,0.1613051056174372,0.3598250183349646,0.3728938740061826,0.3332467615345955,0.47161881041522136,0.2788012109592295,0.35034149362204586,0.44613635613664987,-0.03537714248200611,0.11631298794875145,0.1307992395846412,-0.11199706765028879
2024-04-01,-0.09538553855385537,0.4890623734266639,0.16870087008700865,0.21320132013201318,-0.01904806830510873,0.17957726763717805,0.2742838565184409,0.14456928838951308,0.0662012359073541,0.0909090909090909,0.3450727883538634,0.31721272983419424,0.2985636086759682,0.29302325581395344,0.07038123167155425,0.1630879059350504,0.2751652638803598,0.14022307280734247,0.07725836124345488,0.125,0.15120380739081749,0.05188021529458512,0.002263653949047207,0.11359969809896692,0.016495601173020527,0.08085106382978724,0.12226276053895892,0.09010989010989011,0.05161564224727581,0.06524926686217009,0.2825867861142217,0.29659357728569885,0.351969378935671,0.3697438558422567,0.30315249266862165,0.33797592385218367,0.31079724018350613,0.291961970613656,0.32719467899429217,0.3016862170087976,0.37086298450312466,0.33927072031699607,0.22580645161290322,0.3241772929234548,0.258153686494646,0.2001466275659824
2024-05-01,-0.00384391380314502,0.13484548454845482,-0.33252925292529245,-0.33880588058805877,-0.1724892683617152,-0.036041779706999455,-0.10891657334826428,-0.2334818057118197,-0.1947733383650172,-0.19648093841642225,-0.08041237113402061,-0.09028555431131018,-0.06110999799639351,-0.06655974338412189,0.20454545454545453,-0.028526858383071077,-0.10074188129899216,-0.23978545998181344,-0.19433935562998253,-0.22177419354838707,0.12763157894736843,0.12458006718924974,0.20486105759598044,0.1280154724279447,0.21700879765395892,0.2228296256104178,0.20319148936170214,0.1824669019619931,0.2448889098542384,0.2855571847507331,-0.34852143244709716,-0.38611422172452403,-0.37874327635898464,-0.37063069012689276,-0.5249266862170088,-0.05489690721649485,0.05793673012318029,0.050074749934497474,0.03255813953488372,0.0018328445747800585,-0.22858071740779543,-0.26636162083117126,-0.2456011730205278,-0.16811039265975508,-0.2639275437520638,-0.3669354838709677
2024-06-01,0.10625129587393739,-0.10456825237063969,-0.0024031529366528885,0.01596258997687319,0.06033303457710269,-0.1432175800325556,0.07824199674443842,0.09437199725463279,0.2104155856408321,0.047459893048128345,0.14966087900162778,0.15486977753662506,0.12642117513652232,0.08250389169300437,0.09893048128342247,-0.09366521975040697,0.07405046120455779,0.10253349646384768,0.22181234963913396,0.08355614973262032,0.21710526315789472,0.1584373304395008,0.09646086359702782,0.08803245436105477,0.11330213903743316,-0.087927292457949,-0.08247422680412372,-0.034884067917997065,-0.03727534317656493,-0.08155080213903744,0.3695604991861096,0.45061041779706995,0.45000149204738743,0.4273126090853342,0.22259358288770054,-0.3580575149213239,-0.40260444926749867,-0.4180865984303661,-0.46827680550969375,-0.46423796791443855,-0.05796472564389698,0.09582527477711213,0.03843582887700535,0.0017357222844344904,0.1811877918769753,0.06918449197860962
2024-07-01,0.11747487215658614,0.002477710968277006,-0.376466929297118,-0.3990566037735849,-0.048642175337254775,0.13103277674706246,0.16710526315789473,0.04809449842863852,0.11723785706738053,0.0006684491978609625,-0.1796165739022882,-0.2173765599565925,-0.25749376873893726,-0.2664929026804269,-0.06517379679144385,0.12648113790970933,0.17552902875746068,0.0747823574034606,0.14127716529886236,-0.011029411764705883,0.002980828695114409,0.023290830168204015,-0.03724307336632591,-0.1011412067204396,0.053810160427807494,0.07641311069882498,0.025311991318502442,0.014326481956435358,0.021468070867528444,0.046457219251336904,-0.41084724799010514,-0.3856212696690179,-0.39411190983636163,-0.3706280159205383,-0.35193850267379684,-0.08300556586270871,-0.14135919696147586,-0.08083661452877217,-0.09215948716142441,-0.21022727272727276,-0.02668204015192621,-0.13083371490965448,-0.0965909090909091,0.18857840477482363,0.0625902574759607,-0.11463903743315508
2024-08-01,0.3953396982139708,0.2939617603345341,-0.2629065168652543,-0.25299140993022146,0.29320469152166206,0.03674767476747674,0.2209647495361781,0.13030515117581187,0.18385093167701866,0.053810160427807494,-0.334053405340534,-0.36410636982065553,-0.4139417693169093,-0.40156075808249725,-0.4762700534759358,0.0105010501050105,0.1978354978354978,0.13258678611422173,0.17563306258958433,0.04578877005347594,-0.11428742874287427,-0.11978973407544836,-0.20543113101903696,-0.15438764134416308,-0.3733288770053476,0.06636663666366636,-0.005157699443413729,-0.005907054871220605,-0.03850931677018634,0.08990641711229946,-0.5762136213621362,-0.5912059369202225,-0.5402435610302352,-0.5199076286032808,-0.32419786096256686,-0.12277227722772276,-0.08910327767470624,-0.11156215005599104,-0.15779582736104478,-0.16243315508021391,0.07065274563433621,-0.2533683707596751,-0.1644385026737968,0.37819535030507045,0.10022296544035676,-0.07486631016042782
2024-09-01,0.01908347045961725,0.14094264050180114,0.12511272892158098,0.06605536942338212,-0.06739578048998836,0.20161910308677924,0.26677467746774675,0.1911557243624525,0.18762495896869683,0.6263368983957219,-0.019767035527082116,-0.02634263426342634,-0.016386326641345633,-0.02988570917012324,-0.24866310160427807,0.19909143855562028,0.2603780378037804,0.20504612045577864,0.20200829578347407,0.6203208556149733,-0.04609202096680256,-0.030747074707470744,-0.015518176885512752,-0.029811106800751986,-0.21290106951871657,0.20430984274898076,0.20192019201920192,0.0956592512208356,0.041046223628062414,-0.18315508021390375,-0.0928363424577752,-0.10589858985898588,-0.0781470428648942,-0.06009966876547999,0.3225267379679144,0.17949912638322654,0.1374257425742574,0.1041101465002713,0.11824475545343319,-0.17179144385026737,0.12267626762676266,0.05383306973829489,0.5177139037433156,0.19824782478247824,0.23978693563307568,0.6189839572192514
2024-10-01,-0.2814847314847315,0.4361968306922435,-0.08702296959177692,-0.07684331537542546,-0.23346458115088684,-0.020578478125647937,-0.06962143273150843,0.16937059142702118,0.01715854495538778,0.04411764705882353,0.06903379639228696,-0.023843913803145017,-0.125854584915898,-0.1346747101108984,-0.28308823529411764,-0.06556085424009953,-0.1446592894583576,0.09308193163320673,-0.015092294910233717,-0.034759358288770054,-0.005411569562512958,-0.037507280139778686,-0.09522517634291916,-0.06088212982696962,-0.29545454545454547,0.2960294422558573,0.412638322655795,0.3410200759631037,0.3092367156738793,0.3920454545454546,-0.28082106572672605,-0.30423995340710536,-0.36688822571893653,-0.3738106419101976,-0.23663101604278075,0.459921210864607,0.28490390215492134,0.2833152468800868,0.32747173355488923,0.3342245989304813,0.1786255096097845,0.0592349095112524,0.0982620320855615,0.14352941176470588,0.0033739117870173027,-0.02573529411764706
2024-11-01,-0.18958347195422187,0.5966040716040716,-0.011705861705861706,-0.014952614952614952,-0.13483365242206408,0.3534826309292894,0.23866984071336889,0.22209029066171923,0.10739442979445869,-0.04913101604278075,-0.06302239463939341,0.020192139145382274,-0.10340136054421767,-0.08291731387494129,-0.2396390374331551,0.2661813235257072,0.17201485996686477,0.16050711193568334,0.08835025105660513,-0.11363636363636365,-0.14019699221603646,-0.07995996629931411,-0.14726035868893012,-0.06838131705378751,-0.31417112299465244,0.24498072902234425,0.2131568382423622,0.2838837353123067,0.2338980601813387,0.2774064171122995,-0.4315036400735572,-0.4238313608630994,-0.4202968460111317,-0.39981938373731174,-0.024732620320855617,0.5065521324029523,0.5675455609524401,0.3906369820655535,0.4110320413250009,0.582553475935829,0.4169132207338381,0.10966297005382365,0.03308823529411765,0.39726266744321487,0.1385760213849655,-0.05782085561497327
2024-12-01,0.39763956351054636,-0.6106860070530309,-0.009548206800186308,-0.14037860137068336,0.2729381443298969,-0.1487316421895861,-0.009662036077130415,-0.02549054905490549,0.03930571108622621,0.03556543484301195,-0.04340378366123385,-0.09875596102011196,-0.14706270627062706,-0.13031914893617022,-0.015782161711586553,-0.08029322115021285,0.03362015343147418,0.01356135613561356,0.06325587905935051,0.03745484856904696,0.12861929113031212,0.07555463404520008,0.062442244224422426,0.050321948488241876,0.05079188663517645,-0.6840063480867572,-0.6853618080033174,-0.6701710171017101,-0.589333706606943,-0.428007779938872,-0.038546993475577496,-0.05438523740410532,-0.017305730573057305,0.056648936170212764,-0.004723534315087525,-0.4762626898758093,-0.48981961434791615,-0.5987878787878788,-0.6633258678611422,-0.6057238121700474,-0.30634459879742904,-0.39511478163493835,-0.17782717421505978,-0.27938005390835574,-0.119484882418813,-0.04979160878021673
2025-01-01,0.4401407279260097,0.6707947967263291,0.15029276731652141,0.07371581608889481,0.259264785675529,0.12339562247819129,0.1826787918482505,0.3731158998252766,0.24378730330982093,0.31589537223340036,-0.3403511935622027,-0.3483437035544248,-0.3147582993593477,-0.23468529571351057,-0.16727028839704894,0.13428758199400403,0.20499785878026047,0.3635294117647059,0.29914541508410203,0.3286720321931589,-0.1339720036967743,-0.17651207899841298,-0.16998252766453115,-0.08377645143787303,-0.08799463447350771,-0.6922570610644005,-0.6865758117741895,-0.6451951077460686,-0.6427835051546391,-0.5719651240778001,-0.14310574127087888,-0.14150691488021766,-0.13404775771694816,-0.07399620184481823,-0.053353454057679404,-0.3607826341771296,-0.34999622137693026,-0.3877926616191031,-0.3988876831253391,-0.41851106639839025,0.26786407033277077,0.07630222463374932,0.10352112676056337,0.15322568456054614,0.3268041237113402,0.21022803487592218
2025-02-01,-0.09218843569099743,-0.4568667243329564,-0.08843735444806708,-0.08702342138532171,0.005132962275819418,-0.22146367146367146,-0.10965144301416564,-0.3505579229451303,-0.1806359141594782,-0.14698259903739355,0.3086960336960337,0.2941378161797841,0.3393994640425252,0.27524721228697663,0.2238134024435394,-0.20575640575640577,-0.10635004604322186,-0.32460571980846115,-0.18723700820534397,-0.15853387634209548,0.156019656019656,0.15473461470640099,0.1904735755392523,0.11499316221333894,0.13818585708996664,0.33428395928395926,0.3850388918278179,0.35942099020340024,0.30797654113191664,0.20364309514994441,0.2428220428220428,0.183212837242109,0.17082546237314944,0.11273143277929727,0.10667160310995925,0.3237714987714988,0.3746252865455828,0.40827219610771864,0.46394382495266145,0.4492706405035171,-0.3429427916467239,-0.11843835472333261,0.050336912254720464,-0.12775272690631534,-0.20997264885335576,-0.049448352462051086
2025-03-01,0.334965034965035,-0.128085700978109,-0.00857508816288509,-0.0712372746024353,0.26744674467446744,0.02607886014965661,-0.00263733291256227,0.039290897781463816,0.10223822382238222,0.1768705547652916,-0.045238664707691265,-0.053436422243761696,-0.07858179556292763,-0.09857785778577859,0.019174964438122333,0.12560221409778932,0.053319207447647815,0.11088534107402032,0.135997599759976,0.22014224751066855,0.12526053234017837,0.11111511845456801,0.06286543645034211,0.023546354635463545,0.07368421052631578,-0.31445826357330786,-0.3046277303158037,-0.3135185569147833,-0.3359135913591359,-0.307624466571835,-0.3144668056172481,-0.19923359556387077,-0.28040638606676344,-0.21704170417041702,-0.16958748221906117,-0.26013940615710524,-0.18478912607352974,-0.14918100767157372,-0.1653525352535253,-0.09630156472261735,0.204850889254559,0.05195319531953196,0.05783783783783784,-0.07210964091698037,0.1269246924692469,0.11368421052631578
2025-04-01,-0.3543926297907294,-0.3754123738856563,0.025281588640367263,0.09056744781935622,-0.1685208520852085,-0.0949248120300752,-0.04563004563004563,-0.040401037861803164,-0.15024302430243022,-0.25214793741109526,0.2716331758600041,0.23963671463671463,0.2146711338388291,0.16301230123012297,0.03234708392603129,-0.15239703240401892,-0.1503159003159003,-0.11672922387082146,-0.24136813681368133,-0.2987766714082503,0.06219642025417526,0.020963495963495962,0.04261783006272515,0.04972097209720971,-0.006913229018492176,0.7018597378401757,0.7265093015093015,0.721772426127919,0.7253165316531652,0.6241251778093883,0.436531039989354,0.42268339768339763,0.31418495100385413,0.2287188718871887,0.05177809388335704,0.42859638033135944,0.4074587574587574,0.21926593949164927,0.1698409840984098,-0.005149359886201991,-0.4096349596349596,-0.19693969396939695,-0.14577524893314367,-0.3737363987363987,-0.357011701170117,-0.25206258890469413
2025-05-01,-0.2753467619989919,0.10515335934437246,0.07035581608079601,0.0634859148356264,-0.14019146060808252,0.033518530840375274,0.05505189966065607,0.06929994709927703,-0.11340710541642399,-0.2719487908961593,0.016543016834120704,0.02850322709428439,0.006210936734653893,0.09658707047175305,0.20688477951635845,0.050959811032004795,0.03401756603899128,0.0674778110856404,-0.08878276062900407,-0.2510099573257468,0.02120899594118039,0.02509315323707499,-0.00997276592409726,0.08448456610366918,0.19593172119487906,0.18323740767848828,0.2004208530174995,0.2035306334371755,0.17044845661036692,0.04116642958748222,-0.07612781954887218,-0.07354115376937921,-0.0881188894766747,-0.10105998835177635,-0.16526315789473683,0.26109521591589596,0.3279409807705104,0.3369482160700641,0.27778683750728017,0.31840682788051206,-0.15158194157961277,-0.08799068142108328,-0.1775817923186344,-0.10762525783485263,-0.20264414676761794,-0.26879089615931717
2025-06-01,0.10277316258144005,-0.16148468273377264,0.05638266096663991,0.005259768140832975,0.0386377773170226,-0.07418989952758002,0.03272839177589994,0.10758965804837364,0.24902550279908772,0.04907723855092276,-0.18960842371415265,-0.17341473151906317,-0.1524829249599892,-0.09794733568318474,-0.301326042378674,-0.06705369618737109,0.05343835251846431,0.13899420688411515,0.2373419033796392,0.0217634996582365,-0.16148779027214055,-0.1604980371282188,-0.11966278204810316,-0.06839104291934481,-0.22165413533834583,0.03975647082307539,0.04295861334752812,0.001023375335301941,-0.0036491810076715735,0.010772385509227616,-0.1667359771109189,-0.2699946769578815,-0.2760273200640173,-0.28828529960605437,-0.23701982228298019,0.14233315589859608,0.17043715483398764,0.13174492257061063,0.10050798258345428,-0.059275461380724544,-0.1212406015037594,0.2006634874559403,-0.24237867395762133,-0.06143123294963072,0.25543230354551105,-0.05615857826384142
2025-07-01,0.2476550950856399,0.4617423760695081,0.11625174577143295,0.16629894139470008,0.2052195380003527,0.36061705989110704,0.1719259431765254,0.3874605124605124,0.43130211350983705,0.41637310058362687,-0.11384044819695416,-0.10025617140195624,-0.1062127062127062,-0.03256165453308814,-0.26428834323571165,0.39347431547384204,0.2335651074589128,0.39734117234117233,0.4694712446784392,0.41821336558178657,-0.026710329046003317,0.016268547474881895,0.012399087399087398,0.08710481900395496,-0.13402387086597614,-0.3669533654225519,-0.3625906580610819,-0.3555545805545805,-0.46185354056981637,-0.3637941006362058,-0.36468081748599385,-0.4730271475148048,-0.4583625833625833,-0.47765322316547854,-0.43443398706556596,0.1457823719719088,0.11808836249916829,0.004791154791154791,-0.03320653953699272,-0.302486986697513,0.0547192095282454,0.41209663198730384,-0.11895998738104001,0.2580344666977178,0.45191828097841147,0.12621588937378408
2025-08-01,0.0184324590017427,-0.30053017716131203,0.08049732111187857,0.039679280153826046,0.04386729475779027,-0.3583456232381877,-0.2948715816088895,-0.2813477277263957,-0.2554399576794216,-0.13410273936589726,0.32187260813560586,0.24557522123893807,0.28500731918291305,0.23940851953548128,0.28489931121510065,-0.36823977448802425,-0.2924678954022224,-0.26958713154567837,-0.2967932085548026,-0.13231505336768495,0.21923945712845594,0.16960542950296095,0.18660589526914634,0.13970325213492202,0.13415531836584468,0.09002277521608452,0.11503593053430036,0.12238838246057623,0.1364284454744691,0.20077291129922706,0.4751432785110236,0.4487158160888949,0.5723351520393906,0.5808751291029549,0.657999894842,-0.3577809098885507,-0.2736875374276399,-0.1926275866657795,-0.21468121016701514,0.07568747042431252,-0.08292301550336019,-0.26353124921278687,0.38887428361112564,-0.205236542684144,-0.2767715444492027,0.19951101530048898
2025-09-01,-0.11562674414787091,0.16650431207828767,0.12632825416685284,0.11081817775593188,-0.02465568153641548,0.04910205910355256,0.016087329885937238,0.01729988688535498,-0.031526271893244376,-0.12357723577235773,0.3212518901562529,0.34140422274908055,0.40460110453123965,0.4298041160426482,0.4112466124661246,0.047571265891313684,0.03165661694700095,0.12540754541220311,0.06851204832856209,-0.06560523938572718,0.3086555155226165,0.3307726772079825,0.4279143655599175,0.44523138651579014,0.36673441734417345,-0.12346687326152295,-0.08256949241137267,-0.12379399827001132,-0.14903861325879675,-0.09941282746160796,0.054907872384117075,0.16536300334160953,0.1119918158227427,0.11656109821247437,0.19062782294489608,0.023171915545018386,0.17755334440980453,0.09900026615210594,0.05826927845276469,0.21431797651309842,0.07618963167621855,0.08799675405179992,0.11088527551942184,0.02435267982153191,-0.04882897910420846,-0.010907859078590786
2025-10-01,-0.01280900645567627,0.2655824222725631,-0.117863357299977,-0.10873223021110345,-0.06800631800631801,-0.07416879795396418,-0.07329139208841264,-0.10921385321711359,-0.08555633555633554,-0.19620596205962057,0.29573244721563646,0.29011331603412543,0.3414232483864529,0.33904878904878905,0.18317524841915087,-0.019764967237291615,0.0014467862676647934,0.03706999800385921,0.06747981747981747,-0.1548780487804878,0.2994754233016596,0.29661918718614066,0.3357508816288509,0.34763952263952264,0.15946251129177957,-0.266815390072246,-0.21636921985550803,-0.20916228624658997,-0.20807300807300808,-0.19654471544715446,0.016857393544533014,0.002786230328373812,0.025400891609554863,0.06493506493506493,0.12974254742547425,-0.008003994996919745,0.05091287546437172,0.1220972785947169,0.06508424008424009,0.11454381210478772,-0.08260216177870702,0.12137592137592136,-0.058965672990063236,-0.048658689118300444,0.03401193401193401,-0.11452122854561878
2025-11-01,0.010069280428279011,0.40464493780507005,0.07153204219807904,0.08400645567627145,-0.04172765985760862,-0.054422498926577925,0.052000298691358485,0.06873378135604499,-0.087156497438286,0.030261969286359526,0.24894524614034758,0.2642578453152127,0.21309634706234615,0.22185441479805712,0.21303071364046974,0.020544365000840066,0.13419175985214776,0.1314708230753876,0.00690332024752146,0.10959801264679314,0.24173465006440534,0.2435501334777008,0.2161986825470757,0.24421950894936456,0.1943315266485998,-0.3219799503425616,-0.24602833834263632,-0.26631013374143325,-0.2672333488588729,-0.21275971093044263,0.11054847200701923,0.16680978960927437,0.1262559052498503,0.1272789274070131,0.26969286359530265,-0.1517865476879422,-0.1828691171803536,-0.11524386186705704,-0.2692128551467164,-0.03502710027100271,0.135741221274292,0.16670270809767784,0.21321138211382112,0.09651464521067074,0.11916960542950297,0.19672538392050584
2025-12-01,0.18534482758620685,0.5317823964729963,0.186057313808849,0.25805384978743506,0.1303147248652605,0.16122704321015235,-0.10540071312561837,-0.05439916366419623,0.09530740568234748,0.39882743795192493,0.309687653603825,0.37202942109881076,0.33265349935594674,0.3045528644620401,0.31111979675591167,0.196997184860807,-0.0046530513189090295,0.04104205947691675,0.21552498502894404,0.4842876685557944,0.34971178336833636,0.3961347471390968,0.3766638042078144,0.3690864328964003,0.34103967168262656,-0.4596317976674561,-0.5169554016465361,-0.47691675845203196,-0.45514505289773116,-0.5289818252882549,0.00860181420081326,0.025622118095095858,0.08763791140067577,0.025733581741965536,0.19366816494039477,0.21282899146521292,0.17774002650885803,0.19546549181398992,-0.016185374941779226,0.15919484072698845,0.4327851102357795,0.4715965799454389,0.4845417236662106,0.3355237366288946,0.433445339011245,0.5604260308774672
2026-01-01,-0.1444417651314203,-0.022731314535935573,0.011952415400691262,-0.10391849529780564,0.12293709638842384,,,,,,,,,,,,,,,,,,,,,,,,,,,,,,,,,,,,,,,,,
2026-02-01,-0.08720126332650795,-0.23072100313479624,0.03193875090426815,0.06525600835945664,0.0558820514572727,,,,,,,,,,,,,,,,,,,,,,,,,,,,,,,,,,,,,,,,,
2026-03-01,-0.31702432469450686,0.05582966248328283,-0.14547899870796155,-0.22217394917982006,-0.11469499788335222,,,,,,,,,,,,,,,,,,,,,,,,,,,,,,,,,,,,,,,,,
2026-04-01,-0.2938733807970741,0.5395415470129941,-0.13427458500191305,-0.11115111142787074,0.033471725432643235,,,,,,,,,,,,,,,,,,,,,,,,,,,,,,,,,,,,,,,,,
2026-05-01,-0.031757959850002036,0.2052071774759404,0.07527661890077998,0.09735800723336678,0.02823815657649921,,,,,,,,,,,,,,,,,,,,,,,,,,,,,,,,,,,,,,,,,
2026-06-01,0.1442735352802467,0.02253301102773778,-0.21800049604459962,-0.20863487785827192,0.05571299079242402,,,,,,,,,,,,,,,,,,,,,,,,,,,,,,,,,,,,,,,,,
