month_date,feature,ic,n_obs
2019-02-01,tna,0.18986568986568983,27
2019-02-01,vol_flows,,0
2019-02-01,const_90,,0
2019-02-01,const_120,,0
2019-02-01,const_180,,0
2019-02-01,const_250,,0
2019-02-01,const_750,,0
2019-02-01,t_const_90,,0
2019-02-01,t_const_120,,0
2019-02-01,t_const_180,,0
2019-02-01,t_const_250,,0
2019-02-01,t_const_750,,0
2019-02-01,r2_90,,0
2019-02-01,r2_120,,0
2019-02-01,r2_180,,0
2019-02-01,r2_250,,0
2019-02-01,r2_750,,0
2019-02-01,t_mkt_90,,0
2019-02-01,t_mkt_120,,0
2019-02-01,t_mkt_180,,0
2019-02-01,t_mkt_250,,0
2019-02-01,t_mkt_750,,0
2019-02-01,t_smb_90,,0
2019-02-01,t_smb_120,,0
2019-02-01,t_smb_180,,0
2019-02-01,t_smb_250,,0
2019-02-01,t_smb_750,,0
2019-02-01,t_hml_90,,0
2019-02-01,t_hml_120,,0
2019-02-01,t_hml_180,,0
2019-02-01,t_hml_250,,0
2019-02-01,t_hml_750,,0
2019-02-01,t_umd_90,,0
2019-02-01,t_umd_120,,0
2019-02-01,t_umd_180,,0
2019-02-01,t_umd_250,,0
2019-02-01,t_umd_750,,0
2019-02-01,ir_p6m,,0
2019-02-01,ir_p1y,,0
2019-02-01,ir_p3y,,0
2019-02-01,sr_p6m,,0
2019-02-01,sr_p1y,,0
2019-02-01,sr_p3y,,0
2019-03-01,tna,0.09584859584859586,27
2019-03-01,vol_flows,,0
2019-03-01,const_90,,0
2019-03-01,const_120,,0
2019-03-01,const_180,,0
2019-03-01,const_250,,0
2019-03-01,const_750,,0
2019-03-01,t_const_90,,0
2019-03-01,t_const_120,,0
2019-03-01,t_const_180,,0
2019-03-01,t_const_250,,0
2019-03-01,t_const_750,,0
2019-03-01,r2_90,,0
2019-03-01,r2_120,,0
2019-03-01,r2_180,,0
2019-03-01,r2_250,,0
2019-03-01,r2_750,,0
2019-03-01,t_mkt_90,,0
2019-03-01,t_mkt_120,,0
2019-03-01,t_mkt_180,,0
2019-03-01,t_mkt_250,,0
2019-03-01,t_mkt_750,,0
2019-03-01,t_smb_90,,0
2019-03-01,t_smb_120,,0
2019-03-01,t_smb_180,,0
2019-03-01,t_smb_250,,0
2019-03-01,t_smb_750,,0
2019-03-01,t_hml_90,,0
2019-03-01,t_hml_120,,0
2019-03-01,t_hml_180,,0
2019-03-01,t_hml_250,,0
2019-03-01,t_hml_750,,0
2019-03-01,t_umd_90,,0
2019-03-01,t_umd_120,,0
2019-03-01,t_umd_180,,0
2019-03-01,t_umd_250,,0
2019-03-01,t_umd_750,,0
2019-03-01,ir_p6m,,0
2019-03-01,ir_p1y,,0
2019-03-01,ir_p3y,,0
2019-03-01,sr_p6m,,0
2019-03-01,sr_p1y,,0
2019-03-01,sr_p3y,,0
2019-04-01,tna,-0.2753357753357753,27
2019-04-01,vol_flows,,0
2019-04-01,const_90,,0
2019-04-01,const_120,,0
2019-04-01,const_180,,0
2019-04-01,const_250,,0
2019-04-01,const_750,,0
2019-04-01,t_const_90,,0
2019-04-01,t_const_120,,0
2019-04-01,t_const_180,,0
2019-04-01,t_const_250,,0
2019-04-01,t_const_750,,0
2019-04-01,r2_90,,0
2019-04-01,r2_120,,0
2019-04-01,r2_180,,0
2019-04-01,r2_250,,0
2019-04-01,r2_750,,0
2019-04-01,t_mkt_90,,0
2019-04-01,t_mkt_120,,0
2019-04-01,t_mkt_180,,0
2019-04-01,t_mkt_250,,0
2019-04-01,t_mkt_750,,0
2019-04-01,t_smb_90,,0
2019-04-01,t_smb_120,,0
2019-04-01,t_smb_180,,0
2019-04-01,t_smb_250,,0
2019-04-01,t_smb_750,,0
2019-04-01,t_hml_90,,0
2019-04-01,t_hml_120,,0
2019-04-01,t_hml_180,,0
2019-04-01,t_hml_250,,0
2019-04-01,t_hml_750,,0
2019-04-01,t_umd_90,,0
2019-04-01,t_umd_120,,0
2019-04-01,t_umd_180,,0
2019-04-01,t_umd_250,,0
2019-04-01,t_umd_750,,0
2019-04-01,ir_p6m,,0
2019-04-01,ir_p1y,,0
2019-04-01,ir_p3y,,0
2019-04-01,sr_p6m,,0
2019-04-01,sr_p1y,,0
2019-04-01,sr_p3y,,0
2019-05-01,tna,0.031135531135531136,27
2019-05-01,vol_flows,,0
2019-05-01,const_90,0.02974358974358974,26
2019-05-01,const_120,,0
2019-05-01,const_180,,0
2019-05-01,const_250,,0
2019-05-01,const_750,,0
2019-05-01,t_const_90,-0.08786324786324784,26
2019-05-01,t_const_120,,0
2019-05-01,t_const_180,,0
2019-05-01,t_const_250,,0
2019-05-01,t_const_750,,0
2019-05-01,r2_90,-0.5528205128205128,26
2019-05-01,r2_120,,0
2019-05-01,r2_180,,0
2019-05-01,r2_250,,0
2019-05-01,r2_750,,0
2019-05-01,t_mkt_90,-0.3846153846153845,26
2019-05-01,t_mkt_120,,0
2019-05-01,t_mkt_180,,0
2019-05-01,t_mkt_250,,0
2019-05-01,t_mkt_750,,0
2019-05-01,t_smb_90,-0.619145299145299,26
2019-05-01,t_smb_120,,0
2019-05-01,t_smb_180,,0
2019-05-01,t_smb_250,,0
2019-05-01,t_smb_750,,0
2019-05-01,t_hml_90,-0.19999999999999998,26
2019-05-01,t_hml_120,,0
2019-05-01,t_hml_180,,0
2019-05-01,t_hml_250,,0
2019-05-01,t_hml_750,,0
2019-05-01,t_umd_90,0.15145299145299143,26
2019-05-01,t_umd_120,,0
2019-05-01,t_umd_180,,0
2019-05-01,t_umd_250,,0
2019-05-01,t_umd_750,,0
2019-05-01,ir_p6m,,0
2019-05-01,ir_p1y,,0
2019-05-01,ir_p3y,,0
2019-05-01,sr_p6m,,0
2019-05-01,sr_p1y,,0
2019-05-01,sr_p3y,,0
2019-06-01,tna,-0.11904761904761904,27
2019-06-01,vol_flows,,0
2019-06-01,const_90,-0.4789743589743589,26
2019-06-01,const_120,-0.5076923076923077,26
2019-06-01,const_180,,0
2019-06-01,const_250,,0
2019-06-01,const_750,,0
2019-06-01,t_const_90,-0.30324786324786324,26
2019-06-01,t_const_120,-0.29504273504273504,26
2019-06-01,t_const_180,,0
2019-06-01,t_const_250,,0
2019-06-01,t_const_750,,0
2019-06-01,r2_90,0.12547008547008545,26
2019-06-01,r2_120,0.16376068376068376,26
2019-06-01,r2_180,,0
2019-06-01,r2_250,,0
2019-06-01,r2_750,,0
2019-06-01,t_mkt_90,0.25606837606837607,26
2019-06-01,t_mkt_120,0.35999999999999993,26
2019-06-01,t_mkt_180,,0
2019-06-01,t_mkt_250,,0
2019-06-01,t_mkt_750,,0
2019-06-01,t_smb_90,-0.3511111111111111,26
2019-06-01,t_smb_120,-0.27999999999999997,26
2019-06-01,t_smb_180,,0
2019-06-01,t_smb_250,,0
2019-06-01,t_smb_750,,0
2019-06-01,t_hml_90,-0.4673504273504273,26
2019-06-01,t_hml_120,-0.46803418803418795,26
2019-06-01,t_hml_180,,0
2019-06-01,t_hml_250,,0
2019-06-01,t_hml_750,,0
2019-06-01,t_umd_90,0.10905982905982906,26
2019-06-01,t_umd_120,0.18769230769230769,26
2019-06-01,t_umd_180,,0
2019-06-01,t_umd_250,,0
2019-06-01,t_umd_750,,0
2019-06-01,ir_p6m,,0
2019-06-01,ir_p1y,,0
2019-06-01,ir_p3y,,0
2019-06-01,sr_p6m,,0
2019-06-01,sr_p1y,,0
2019-06-01,sr_p3y,,0
2019-07-01,tna,-0.19704433497536944,28
2019-07-01,vol_flows,,0
2019-07-01,const_90,-0.5219780219780219,27
2019-07-01,const_120,-0.4762393162393162,26
2019-07-01,const_180,,0
2019-07-01,const_250,,0
2019-07-01,const_750,,0
2019-07-01,t_const_90,-0.49389499389499386,27
2019-07-01,t_const_120,-0.4981196581196581,26
2019-07-01,t_const_180,,0
2019-07-01,t_const_250,,0
2019-07-01,t_const_750,,0
2019-07-01,r2_90,-0.49328449328449325,27
2019-07-01,r2_120,-0.39145299145299145,26
2019-07-01,r2_180,,0
2019-07-01,r2_250,,0
2019-07-01,r2_750,,0
2019-07-01,t_mkt_90,-0.231990231990232,27
2019-07-01,t_mkt_120,-0.06188034188034188,26
2019-07-01,t_mkt_180,,0
2019-07-01,t_mkt_250,,0
2019-07-01,t_mkt_750,,0
2019-07-01,t_smb_90,-0.17155067155067155,27
2019-07-01,t_smb_120,0.028376068376068375,26
2019-07-01,t_smb_180,,0
2019-07-01,t_smb_250,,0
2019-07-01,t_smb_750,,0
2019-07-01,t_hml_90,-0.7014652014652014,27
2019-07-01,t_hml_120,-0.7121367521367521,26
2019-07-01,t_hml_180,,0
2019-07-01,t_hml_250,,0
2019-07-01,t_hml_750,,0
2019-07-01,t_umd_90,0.2148962148962149,27
2019-07-01,t_umd_120,0.3764102564102564,26
2019-07-01,t_umd_180,,0
2019-07-01,t_umd_250,,0
2019-07-01,t_umd_750,,0
2019-07-01,ir_p6m,0.2287179487179487,26
2019-07-01,ir_p1y,,0
2019-07-01,ir_p3y,,0
2019-07-01,sr_p6m,0.18564102564102564,26
2019-07-01,sr_p1y,,0
2019-07-01,sr_p3y,,0
2019-08-01,tna,-0.16639299397920088,28
2019-08-01,vol_flows,,0
2019-08-01,const_90,0.29242979242979245,27
2019-08-01,const_120,0.18376068376068375,27
2019-08-01,const_180,,0
2019-08-01,const_250,,0
2019-08-01,const_750,,0
2019-08-01,t_const_90,0.008547008547008548,27
2019-08-01,t_const_120,-0.04395604395604395,27
2019-08-01,t_const_180,,0
2019-08-01,t_const_250,,0
2019-08-01,t_const_750,,0
2019-08-01,r2_90,-0.27472527472527475,27
2019-08-01,r2_120,-0.28937728937728935,27
2019-08-01,r2_180,,0
2019-08-01,r2_250,,0
2019-08-01,r2_750,,0
2019-08-01,t_mkt_90,-0.10622710622710621,27
2019-08-01,t_mkt_120,-0.10683760683760683,27
2019-08-01,t_mkt_180,,0
2019-08-01,t_mkt_250,,0
2019-08-01,t_mkt_750,,0
2019-08-01,t_smb_90,0.09523809523809523,27
2019-08-01,t_smb_120,-0.0018315018315018313,27
2019-08-01,t_smb_180,,0
2019-08-01,t_smb_250,,0
2019-08-01,t_smb_750,,0
2019-08-01,t_hml_90,-0.358974358974359,27
2019-08-01,t_hml_120,-0.2875457875457875,27
2019-08-01,t_hml_180,,0
2019-08-01,t_hml_250,,0
2019-08-01,t_hml_750,,0
2019-08-01,t_umd_90,0.16666666666666663,27
2019-08-01,t_umd_120,0.21428571428571427,27
2019-08-01,t_umd_180,,0
2019-08-01,t_umd_250,,0
2019-08-01,t_umd_750,,0
2019-08-01,ir_p6m,0.41743589743589743,26
2019-08-01,ir_p1y,,0
2019-08-01,ir_p3y,,0
2019-08-01,sr_p6m,0.41538461538461535,26
2019-08-01,sr_p1y,,0
2019-08-01,sr_p3y,,0
2019-09-01,tna,0.11416361416361415,27
2019-09-01,vol_flows,,0
2019-09-01,const_90,0.1794871794871795,26
2019-09-01,const_120,0.11452991452991453,26
2019-09-01,const_180,0.3253846153846154,25
2019-09-01,const_250,,0
2019-09-01,const_750,,0
2019-09-01,t_const_90,0.08444444444444445,26
2019-09-01,t_const_120,-0.0652991452991453,26
2019-09-01,t_const_180,0.1453846153846154,25
2019-09-01,t_const_250,,0
2019-09-01,t_const_750,,0
2019-09-01,r2_90,-0.3634188034188034,26
2019-09-01,r2_120,-0.305982905982906,26
2019-09-01,r2_180,-0.23307692307692307,25
2019-09-01,r2_250,,0
2019-09-01,r2_750,,0
2019-09-01,t_mkt_90,-0.5555555555555555,26
2019-09-01,t_mkt_120,-0.545982905982906,26
2019-09-01,t_mkt_180,-0.47846153846153844,25
2019-09-01,t_mkt_250,,0
2019-09-01,t_mkt_750,,0
2019-09-01,t_smb_90,-0.17196581196581195,26
2019-09-01,t_smb_120,-0.1152136752136752,26
2019-09-01,t_smb_180,0.04076923076923076,25
2019-09-01,t_smb_250,,0
2019-09-01,t_smb_750,,0
2019-09-01,t_hml_90,0.2417094017094017,26
2019-09-01,t_hml_120,0.24991452991452992,26
2019-09-01,t_hml_180,0.31153846153846154,25
2019-09-01,t_hml_250,,0
2019-09-01,t_hml_750,,0
2019-09-01,t_umd_90,-0.1794871794871795,26
2019-09-01,t_umd_120,-0.17128205128205126,26
2019-09-01,t_umd_180,-0.3869230769230769,25
2019-09-01,t_umd_250,,0
2019-09-01,t_umd_750,,0
2019-09-01,ir_p6m,-0.1658119658119658,26
2019-09-01,ir_p1y,,0
2019-09-01,ir_p3y,,0
2019-09-01,sr_p6m,-0.09333333333333332,26
2019-09-01,sr_p1y,,0
2019-09-01,sr_p3y,,0
2019-10-01,tna,0.2133004926108374,29
2019-10-01,vol_flows,,0
2019-10-01,const_90,-0.4126984126984126,27
2019-10-01,const_120,-0.49328449328449325,27
2019-10-01,const_180,-0.3613675213675213,26
2019-10-01,const_250,,0
2019-10-01,const_750,,0
2019-10-01,t_const_90,-0.44505494505494503,27
2019-10-01,t_const_120,-0.43650793650793646,27
2019-10-01,t_const_180,-0.3005128205128205,26
2019-10-01,t_const_250,,0
2019-10-01,t_const_750,,0
2019-10-01,r2_90,0.6105006105006106,27
2019-10-01,r2_120,0.5952380952380952,27
2019-10-01,r2_180,0.5179487179487179,26
2019-10-01,r2_250,,0
2019-10-01,r2_750,,0
2019-10-01,t_mkt_90,0.503052503052503,27
2019-10-01,t_mkt_120,0.5280830280830281,27
2019-10-01,t_mkt_180,0.455042735042735,26
2019-10-01,t_mkt_250,,0
2019-10-01,t_mkt_750,,0
2019-10-01,t_smb_90,-0.06593406593406594,27
2019-10-01,t_smb_120,-0.09096459096459096,27
2019-10-01,t_smb_180,-0.034529914529914524,26
2019-10-01,t_smb_250,,0
2019-10-01,t_smb_750,,0
2019-10-01,t_hml_90,0.2814407814407815,27
2019-10-01,t_hml_120,0.23382173382173382,27
2019-10-01,t_hml_180,0.07829059829059828,26
2019-10-01,t_hml_250,,0
2019-10-01,t_hml_750,,0
2019-10-01,t_umd_90,-0.14713064713064714,27
2019-10-01,t_umd_120,-0.12332112332112331,27
2019-10-01,t_umd_180,-0.1794871794871795,26
2019-10-01,t_umd_250,,0
2019-10-01,t_umd_750,,0
2019-10-01,ir_p6m,-0.3681318681318681,27
2019-10-01,ir_p1y,,0
2019-10-01,ir_p3y,,0
2019-10-01,sr_p6m,-0.4377289377289378,27
2019-10-01,sr_p1y,,0
2019-10-01,sr_p3y,,0
2019-11-01,tna,-0.14927425515660808,34
2019-11-01,vol_flows,,0
2019-11-01,const_90,0.4766042780748663,33
2019-11-01,const_120,0.32697947214076245,32
2019-11-01,const_180,-0.012096774193548385,32
2019-11-01,const_250,,0
2019-11-01,const_750,,0
2019-11-01,t_const_90,0.5,33
2019-11-01,t_const_120,0.4670087976539589,32
2019-11-01,t_const_180,0.11143695014662756,32
2019-11-01,t_const_250,,0
2019-11-01,t_const_750,,0
2019-11-01,r2_90,-0.161096256684492,33
2019-11-01,r2_120,-0.11033724340175952,32
2019-11-01,r2_180,-0.19281524926686217,32
2019-11-01,r2_250,,0
2019-11-01,r2_750,,0
2019-11-01,t_mkt_90,0.22627005347593582,33
2019-11-01,t_mkt_120,0.2752932551319648,32
2019-11-01,t_mkt_180,0.19648093841642225,32
2019-11-01,t_mkt_250,,0
2019-11-01,t_mkt_750,,0
2019-11-01,t_smb_90,0.12466577540106953,33
2019-11-01,t_smb_120,0.10923753665689148,32
2019-11-01,t_smb_180,-0.08101173020527859,32
2019-11-01,t_smb_250,,0
2019-11-01,t_smb_750,,0
2019-11-01,t_hml_90,-0.4234625668449198,33
2019-11-01,t_hml_120,-0.43108504398826974,32
2019-11-01,t_hml_180,-0.49560117302052775,32
2019-11-01,t_hml_250,,0
2019-11-01,t_hml_750,,0
2019-11-01,t_umd_90,0.7245989304812834,33
2019-11-01,t_umd_120,0.6818181818181818,32
2019-11-01,t_umd_180,0.5802785923753665,32
2019-11-01,t_umd_250,,0
2019-11-01,t_umd_750,,0
2019-11-01,ir_p6m,0.6326979472140761,32
2019-11-01,ir_p1y,,0
2019-11-01,ir_p3y,,0
2019-11-01,sr_p6m,0.5839442815249266,32
2019-11-01,sr_p1y,,0
2019-11-01,sr_p3y,,0
2019-12-01,tna,-0.21390374331550804,33
2019-12-01,vol_flows,,0
2019-12-01,const_90,0.694281524926686,32
2019-12-01,const_120,0.7088709677419356,31
2019-12-01,const_180,0.453225806451613,31
2019-12-01,const_250,,0
2019-12-01,const_750,,0
2019-12-01,t_const_90,0.6722873900293255,32
2019-12-01,t_const_120,0.6370967741935485,31
2019-12-01,t_const_180,0.3483870967741936,31
2019-12-01,t_const_250,,0
2019-12-01,t_const_750,,0
2019-12-01,r2_90,-0.3214809384164222,32
2019-12-01,r2_120,-0.47701612903225804,31
2019-12-01,r2_180,-0.43870967741935485,31
2019-12-01,r2_250,,0
2019-12-01,r2_750,,0
2019-12-01,t_mkt_90,0.06451612903225806,32
2019-12-01,t_mkt_120,-0.07943548387096776,31
2019-12-01,t_mkt_180,-0.017338709677419357,31
2019-12-01,t_mkt_250,,0
2019-12-01,t_mkt_750,,0
2019-12-01,t_smb_90,0.281524926686217,32
2019-12-01,t_smb_120,0.38870967741935486,31
2019-12-01,t_smb_180,0.2895161290322581,31
2019-12-01,t_smb_250,,0
2019-12-01,t_smb_750,,0
2019-12-01,t_hml_90,-0.5747800586510263,32
2019-12-01,t_hml_120,-0.6294354838709677,31
2019-12-01,t_hml_180,-0.6766129032258065,31
2019-12-01,t_hml_250,,0
2019-12-01,t_hml_750,,0
2019-12-01,t_umd_90,0.5058651026392962,32
2019-12-01,t_umd_120,0.2907258064516129,31
2019-12-01,t_umd_180,0.2274193548387097,31
2019-12-01,t_umd_250,,0
2019-12-01,t_umd_750,,0
2019-12-01,ir_p6m,0.6290322580645162,31
2019-12-01,ir_p1y,,0
2019-12-01,ir_p3y,,0
2019-12-01,sr_p6m,0.7116935483870969,31
2019-12-01,sr_p1y,,0
2019-12-01,sr_p3y,,0
2020-01-01,tna,-0.2372803666921314,34
2020-01-01,vol_flows,,0
2020-01-01,const_90,0.6044721407624634,32
2020-01-01,const_120,0.7195747800586509,32
2020-01-01,const_180,0.6314516129032258,31
2020-01-01,const_250,0.2382647385984427,30
2020-01-01,const_750,,0
2020-01-01,t_const_90,0.5579178885630498,32
2020-01-01,t_const_120,0.6836510263929618,32
2020-01-01,t_const_180,0.5818548387096775,31
2020-01-01,t_const_250,0.3530589543937709,30
2020-01-01,t_const_750,,0
2020-01-01,r2_90,-0.3691348973607038,32
2020-01-01,r2_120,-0.4512463343108504,32
2020-01-01,r2_180,-0.4487903225806453,31
2020-01-01,r2_250,-0.30055617352614017,30
2020-01-01,r2_750,,0
2020-01-01,t_mkt_90,-0.11473607038123164,32
2020-01-01,t_mkt_120,-0.05205278592375366,32
2020-01-01,t_mkt_180,-0.04556451612903226,31
2020-01-01,t_mkt_250,0.09721913236929922,30
2020-01-01,t_mkt_750,,0
2020-01-01,t_smb_90,0.14956011730205276,32
2020-01-01,t_smb_120,0.29618768328445744,32
2020-01-01,t_smb_180,0.28024193548387105,31
2020-01-01,t_smb_250,0.185761957730812,30
2020-01-01,t_smb_750,,0
2020-01-01,t_hml_90,-0.7767595307917888,32
2020-01-01,t_hml_120,-0.7954545454545454,32
2020-01-01,t_hml_180,-0.7919354838709678,31
2020-01-01,t_hml_250,-0.7997775305895439,30
2020-01-01,t_hml_750,,0
2020-01-01,t_umd_90,0.4604105571847507,32
2020-01-01,t_umd_120,0.4321847507331378,32
2020-01-01,t_umd_180,0.2838709677419355,31
2020-01-01,t_umd_250,0.4042269187986652,30
2020-01-01,t_umd_750,,0
2020-01-01,ir_p6m,0.8013196480938416,32
2020-01-01,ir_p1y,0.646718576195773,30
2020-01-01,ir_p3y,,0
2020-01-01,sr_p6m,0.8196480938416422,32
2020-01-01,sr_p1y,0.696551724137931,30
2020-01-01,sr_p3y,,0
2020-02-01,tna,-0.32745098039215687,35
2020-02-01,vol_flows,-0.31769230769230766,25
2020-02-01,const_90,0.02974598930481283,33
2020-02-01,const_120,0.09164222873900292,32
2020-02-01,const_180,0.10846774193548388,31
2020-02-01,const_250,-0.040266963292547274,30
2020-02-01,const_750,,0
2020-02-01,t_const_90,0.07419786096256685,33
2020-02-01,t_const_120,0.15762463343108502,32
2020-02-01,t_const_180,0.1407258064516129,31
2020-02-01,t_const_250,0.05628476084538376,30
2020-02-01,t_const_750,,0
2020-02-01,r2_90,-0.06751336898395723,33
2020-02-01,r2_120,0.0656158357771261,32
2020-02-01,r2_180,-0.04959677419354839,31
2020-02-01,r2_250,0.021579532814238044,30
2020-02-01,r2_750,,0
2020-02-01,t_mkt_90,0.09959893048128343,33
2020-02-01,t_mkt_120,0.14589442815249265,32
2020-02-01,t_mkt_180,0.11935483870967743,31
2020-02-01,t_mkt_250,0.1568409343715239,30
2020-02-01,t_mkt_750,,0
2020-02-01,t_smb_90,-0.11497326203208558,33
2020-02-01,t_smb_120,-0.00439882697947214,32
2020-02-01,t_smb_180,-0.07983870967741936,31
2020-02-01,t_smb_250,-0.19866518353726362,30
2020-02-01,t_smb_750,,0
2020-02-01,t_hml_90,-0.3375668449197861,33
2020-02-01,t_hml_120,-0.1851173020527859,32
2020-02-01,t_hml_180,-0.24072580645161293,31
2020-02-01,t_hml_250,-0.18798665183537264,30
2020-02-01,t_hml_750,,0
2020-02-01,t_umd_90,0.143048128342246,33
2020-02-01,t_umd_120,0.282991202346041,32
2020-02-01,t_umd_180,0.36330645161290326,31
2020-02-01,t_umd_250,0.2992213570634038,30
2020-02-01,t_umd_750,,0
2020-02-01,ir_p6m,0.16752199413489735,32
2020-02-01,ir_p1y,0.17953281423804227,30
2020-02-01,ir_p3y,,0
2020-02-01,sr_p6m,0.1821847507331378,32
2020-02-01,sr_p1y,0.20133481646273638,30
2020-02-01,sr_p3y,,0
2020-03-01,tna,0.2296918767507003,35
2020-03-01,vol_flows,0.19076923076923075,25
2020-03-01,const_90,-0.09224598930481284,33
2020-03-01,const_120,-0.08247800586510264,32
2020-03-01,const_180,-0.3056451612903226,31
2020-03-01,const_250,-0.21975806451612906,31
2020-03-01,const_750,,0
2020-03-01,t_const_90,-0.11564171122994654,33
2020-03-01,t_const_120,-0.0879765395894428,32
2020-03-01,t_const_180,-0.2955645161290323,31
2020-03-01,t_const_250,-0.192741935483871,31
2020-03-01,t_const_750,,0
2020-03-01,r2_90,0.286096256684492,33
2020-03-01,r2_120,0.28739002932551316,32
2020-03-01,r2_180,0.2762096774193548,31
2020-03-01,r2_250,0.2681451612903226,31
2020-03-01,r2_750,,0
2020-03-01,t_mkt_90,0.1731283422459893,33
2020-03-01,t_mkt_120,0.13673020527859234,32
2020-03-01,t_mkt_180,0.16733870967741937,31
2020-03-01,t_mkt_250,0.15685483870967742,31
2020-03-01,t_mkt_750,,0
2020-03-01,t_smb_90,0.14171122994652408,33
2020-03-01,t_smb_120,0.06341642228739001,32
2020-03-01,t_smb_180,-0.1366935483870968,31
2020-03-01,t_smb_250,-0.05927419354838711,31
2020-03-01,t_smb_750,,0
2020-03-01,t_hml_90,0.6039438502673797,33
2020-03-01,t_hml_120,0.5857771260997067,32
2020-03-01,t_hml_180,0.5891129032258066,31
2020-03-01,t_hml_250,0.6036290322580645,31
2020-03-01,t_hml_750,,0
2020-03-01,t_umd_90,-0.1861631016042781,33
2020-03-01,t_umd_120,-0.2888563049853372,32
2020-03-01,t_umd_180,-0.2270161290322581,31
2020-03-01,t_umd_250,-0.2342741935483871,31
2020-03-01,t_umd_750,,0
2020-03-01,ir_p6m,-0.3709677419354838,32
2020-03-01,ir_p1y,-0.4625000000000001,31
2020-03-01,ir_p3y,,0
2020-03-01,sr_p6m,-0.36290322580645157,32
2020-03-01,sr_p1y,-0.48870967741935495,31
2020-03-01,sr_p3y,,0
2020-04-01,tna,0.21372549019607845,35
2020-04-01,vol_flows,0.1576923076923077,25
2020-04-01,const_90,0.3653074866310161,33
2020-04-01,const_120,0.28141711229946526,33
2020-04-01,const_180,0.26429618768328444,32
2020-04-01,const_250,0.20685483870967747,31
2020-04-01,const_750,,0
2020-04-01,t_const_90,0.3168449197860963,33
2020-04-01,t_const_120,0.25768716577540113,33
2020-04-01,t_const_180,0.24743401759530786,32
2020-04-01,t_const_250,0.1975806451612903,31
2020-04-01,t_const_750,,0
2020-04-01,r2_90,0.10160427807486631,33
2020-04-01,r2_120,0.06717914438502674,33
2020-04-01,r2_180,0.06341642228739001,32
2020-04-01,r2_250,0.10322580645161292,31
2020-04-01,r2_750,,0
2020-04-01,t_mkt_90,0.05681818181818182,33
2020-04-01,t_mkt_120,0.023729946524064172,33
2020-04-01,t_mkt_180,0.035557184750733134,32
2020-04-01,t_mkt_250,0.06169354838709678,31
2020-04-01,t_mkt_750,,0
2020-04-01,t_smb_90,-0.08021390374331552,33
2020-04-01,t_smb_120,-0.059826203208556146,33
2020-04-01,t_smb_180,-0.13049853372434017,32
2020-04-01,t_smb_250,-0.2185483870967742,31
2020-04-01,t_smb_750,,0
2020-04-01,t_hml_90,0.05915775401069519,33
2020-04-01,t_hml_120,0.09692513368983958,33
2020-04-01,t_hml_180,0.12060117302052785,32
2020-04-01,t_hml_250,0.09395161290322582,31
2020-04-01,t_hml_750,,0
2020-04-01,t_umd_90,-0.28843582887700536,33
2020-04-01,t_umd_120,-0.36564171122994654,33
2020-04-01,t_umd_180,-0.3988269794721407,32
2020-04-01,t_umd_250,-0.42862903225806454,31
2020-04-01,t_umd_750,,0
2020-04-01,ir_p6m,0.27941176470588236,33
2020-04-01,ir_p1y,0.012903225806451615,31
2020-04-01,ir_p3y,,0
2020-04-01,sr_p6m,0.2730614973262032,33
2020-04-01,sr_p1y,0.04556451612903226,31
2020-04-01,sr_p3y,,0
2020-05-01,tna,0.02882882882882883,36
2020-05-01,vol_flows,0.15076923076923077,25
2020-05-01,const_90,-0.14204545454545453,33
2020-05-01,const_120,-0.21724598930481284,33
2020-05-01,const_180,-0.16972140762463342,32
2020-05-01,const_250,-0.11854838709677422,31
2020-05-01,const_750,,0
2020-05-01,t_const_90,-0.04478609625668449,33
2020-05-01,t_const_120,-0.08355614973262032,33
2020-05-01,t_const_180,-0.10813782991202345,32
2020-05-01,t_const_250,-0.08951612903225807,31
2020-05-01,t_const_750,,0
2020-05-01,r2_90,-0.08422459893048129,33
2020-05-01,r2_120,-0.0645053475935829,33
2020-05-01,r2_180,-0.029692082111436948,32
2020-05-01,r2_250,-0.019758064516129034,31
2020-05-01,r2_750,,0
2020-05-01,t_mkt_90,-0.071524064171123,33
2020-05-01,t_mkt_120,-0.07052139037433156,33
2020-05-01,t_mkt_180,-0.05278592375366568,32
2020-05-01,t_mkt_250,-0.05725806451612903,31
2020-05-01,t_mkt_750,,0
2020-05-01,t_smb_90,0.161096256684492,33
2020-05-01,t_smb_120,0.16844919786096257,33
2020-05-01,t_smb_180,0.10923753665689148,32
2020-05-01,t_smb_250,0.23024193548387098,31
2020-05-01,t_smb_750,,0
2020-05-01,t_hml_90,0.2503342245989305,33
2020-05-01,t_hml_120,0.32386363636363635,33
2020-05-01,t_hml_180,0.31524926686217003,32
2020-05-01,t_hml_250,0.3008064516129033,31
2020-05-01,t_hml_750,,0
2020-05-01,t_umd_90,-0.03141711229946524,33
2020-05-01,t_umd_120,-0.007018716577540108,33
2020-05-01,t_umd_180,-0.05755131964809384,32
2020-05-01,t_umd_250,-0.07620967741935485,31
2020-05-01,t_umd_750,,0
2020-05-01,ir_p6m,-0.23295454545454547,33
2020-05-01,ir_p1y,-0.2612903225806452,31
2020-05-01,ir_p3y,,0
2020-05-01,sr_p6m,-0.241644385026738,33
2020-05-01,sr_p1y,-0.28104838709677427,31
2020-05-01,sr_p3y,,0
2020-06-01,tna,-0.13333333333333333,36
2020-06-01,vol_flows,-0.10615384615384615,25
2020-06-01,const_90,0.5355742296918768,35
2020-06-01,const_120,0.37299465240641716,33
2020-06-01,const_180,0.346041055718475,32
2020-06-01,const_250,0.1737903225806452,31
2020-06-01,const_750,,0
2020-06-01,t_const_90,0.4504201680672269,35
2020-06-01,t_const_120,0.32386363636363635,33
2020-06-01,t_const_180,0.30461876832844575,32
2020-06-01,t_const_250,0.15040322580645166,31
2020-06-01,t_const_750,,0
2020-06-01,r2_90,0.24033613445378152,35
2020-06-01,r2_120,0.24097593582887702,33
2020-06-01,r2_180,0.3016862170087976,32
2020-06-01,r2_250,0.28024193548387105,31
2020-06-01,r2_750,,0
2020-06-01,t_mkt_90,0.3182072829131653,35
2020-06-01,t_mkt_120,0.29044117647058826,33
2020-06-01,t_mkt_180,0.344208211143695,32
2020-06-01,t_mkt_250,0.3612903225806452,31
2020-06-01,t_mkt_750,,0
2020-06-01,t_smb_90,-0.005602240896358544,35
2020-06-01,t_smb_120,-0.016711229946524065,33
2020-06-01,t_smb_180,0.03922287390029325,32
2020-06-01,t_smb_250,0.11411290322580646,31
2020-06-01,t_smb_750,,0
2020-06-01,t_hml_90,-0.3126050420168067,35
2020-06-01,t_hml_120,-0.2359625668449198,33
2020-06-01,t_hml_180,-0.2320381231671554,32
2020-06-01,t_hml_250,-0.2270161290322581,31
2020-06-01,t_hml_750,,0
2020-06-01,t_umd_90,0.23305322128851544,35
2020-06-01,t_umd_120,0.1557486631016043,33
2020-06-01,t_umd_180,0.11876832844574779,32
2020-06-01,t_umd_250,0.12862903225806452,31
2020-06-01,t_umd_750,,0
2020-06-01,ir_p6m,0.2914438502673797,33
2020-06-01,ir_p1y,0.1733870967741936,31
2020-06-01,ir_p3y,,0
2020-06-01,sr_p6m,0.4395053475935829,33
2020-06-01,sr_p1y,0.26612903225806456,31
2020-06-01,sr_p3y,,0
2020-07-01,tna,0.3826458036984352,37
2020-07-01,vol_flows,0.1917948717948718,26
2020-07-01,const_90,-0.24481792717086837,35
2020-07-01,const_120,-0.32717086834733894,35
2020-07-01,const_180,-0.24264705882352944,33
2020-07-01,const_250,-0.29912023460410553,32
2020-07-01,const_750,,0
2020-07-01,t_const_90,-0.1341736694677871,35
2020-07-01,t_const_120,-0.25210084033613445,35
2020-07-01,t_const_180,-0.1768048128342246,33
2020-07-01,t_const_250,-0.24596774193548382,32
2020-07-01,t_const_750,,0
2020-07-01,r2_90,-0.40168067226890763,35
2020-07-01,r2_120,-0.3403361344537815,35
2020-07-01,r2_180,-0.3970588235294118,33
2020-07-01,r2_250,-0.40762463343108496,32
2020-07-01,r2_750,,0
2020-07-01,t_mkt_90,-0.49607843137254903,35
2020-07-01,t_mkt_120,-0.4941176470588236,35
2020-07-01,t_mkt_180,-0.5127005347593584,33
2020-07-01,t_mkt_250,-0.5458211143695014,32
2020-07-01,t_mkt_750,,0
2020-07-01,t_smb_90,-0.22072829131652663,35
2020-07-01,t_smb_120,-0.16302521008403362,35
2020-07-01,t_smb_180,0.003342245989304813,33
2020-07-01,t_smb_250,-0.03739002932551319,32
2020-07-01,t_smb_750,,0
2020-07-01,t_hml_90,0.5750700280112045,35
2020-07-01,t_hml_120,0.4162464985994398,35
2020-07-01,t_hml_180,0.4495320855614973,33
2020-07-01,t_hml_250,0.4508797653958944,32
2020-07-01,t_hml_750,,0
2020-07-01,t_umd_90,-0.7439775910364146,35
2020-07-01,t_umd_120,-0.8000000000000002,35
2020-07-01,t_umd_180,-0.7533422459893049,33
2020-07-01,t_umd_250,-0.7192082111436949,32
2020-07-01,t_umd_750,,0
2020-07-01,ir_p6m,-0.30145148968678376,34
2020-07-01,ir_p1y,-0.3969941348973607,32
2020-07-01,ir_p3y,,0
2020-07-01,sr_p6m,-0.4068754774637128,34
2020-07-01,sr_p1y,-0.3903958944281524,32
2020-07-01,sr_p3y,,0
2020-08-01,tna,-0.3568041725936462,37
2020-08-01,vol_flows,-0.2745299145299145,26
2020-08-01,const_90,0.47955182072829133,35
2020-08-01,const_120,0.5386554621848739,35
2020-08-01,const_180,0.5364304812834225,33
2020-08-01,const_250,0.5909090909090909,32
2020-08-01,const_750,,0
2020-08-01,t_const_90,0.32773109243697485,35
2020-08-01,t_const_120,0.4212885154061625,35
2020-08-01,t_const_180,0.3810160427807487,33
2020-08-01,t_const_250,0.4596774193548387,32
2020-08-01,t_const_750,,0
2020-08-01,r2_90,-0.11932773109243698,35
2020-08-01,r2_120,0.1123249299719888,35
2020-08-01,r2_180,0.17546791443850268,33
2020-08-01,r2_250,0.187316715542522,32
2020-08-01,r2_750,,0
2020-08-01,t_mkt_90,0.45238095238095244,35
2020-08-01,t_mkt_120,0.25266106442577035,35
2020-08-01,t_mkt_180,0.3235294117647059,33
2020-08-01,t_mkt_250,0.2987536656891495,32
2020-08-01,t_mkt_750,,0
2020-08-01,t_smb_90,0.37927170868347343,35
2020-08-01,t_smb_120,0.31624649859943976,35
2020-08-01,t_smb_180,0.2469919786096257,33
2020-08-01,t_smb_250,0.2723607038123167,32
2020-08-01,t_smb_750,,0
2020-08-01,t_hml_90,-0.7605042016806723,35
2020-08-01,t_hml_120,-0.7459383753501402,35
2020-08-01,t_hml_180,-0.7072192513368984,33
2020-08-01,t_hml_250,-0.687683284457478,32
2020-08-01,t_hml_750,,0
2020-08-01,t_umd_90,0.6159663865546219,35
2020-08-01,t_umd_120,0.3865546218487395,35
2020-08-01,t_umd_180,0.3148395721925134,33
2020-08-01,t_umd_250,0.2969208211143695,32
2020-08-01,t_umd_750,,0
2020-08-01,ir_p6m,-0.050140056022408966,35
2020-08-01,ir_p1y,0.43804985337243396,32
2020-08-01,ir_p3y,,0
2020-08-01,sr_p6m,0.18795518207282913,35
2020-08-01,sr_p1y,0.5916422287390029,32
2020-08-01,sr_p3y,,0
2020-09-01,tna,0.28141299193930774,37
2020-09-01,vol_flows,0.07487179487179485,26
2020-09-01,const_90,-0.0453024453024453,36
2020-09-01,const_120,-0.061344537815126055,35
2020-09-01,const_180,-0.002005347593582888,33
2020-09-01,const_250,0.06781524926686217,32
2020-09-01,const_750,,0
2020-09-01,t_const_90,0.015444015444015444,36
2020-09-01,t_const_120,0.01680672268907563,35
2020-09-01,t_const_180,0.15508021390374332,33
2020-09-01,t_const_250,0.17631964809384162,32
2020-09-01,t_const_750,,0
2020-09-01,r2_90,-0.20411840411840412,36
2020-09-01,r2_120,-0.3324929971988796,35
2020-09-01,r2_180,-0.17145721925133692,33
2020-09-01,r2_250,-0.17815249266862168,32
2020-09-01,r2_750,,0
2020-09-01,t_mkt_90,-0.09523809523809525,36
2020-09-01,t_mkt_120,-0.13557422969187674,35
2020-09-01,t_mkt_180,-0.12934491978609627,33
2020-09-01,t_mkt_250,-0.14552785923753664,32
2020-09-01,t_mkt_750,,0
2020-09-01,t_smb_90,-0.1250965250965251,36
2020-09-01,t_smb_120,-0.17955182072829132,35
2020-09-01,t_smb_180,-0.23295454545454547,33
2020-09-01,t_smb_250,-0.28372434017595305,32
2020-09-01,t_smb_750,,0
2020-09-01,t_hml_90,0.002574002574002574,36
2020-09-01,t_hml_120,-0.028011204481792715,35
2020-09-01,t_hml_180,-0.02540106951871658,33
2020-09-01,t_hml_250,0.01942815249266862,32
2020-09-01,t_hml_750,,0
2020-09-01,t_umd_90,-0.08906048906048908,36
2020-09-01,t_umd_120,-0.061344537815126055,35
2020-09-01,t_umd_180,0.05314171122994653,33
2020-09-01,t_umd_250,0.056085043988269793,32
2020-09-01,t_umd_750,,0
2020-09-01,ir_p6m,0.08039215686274512,35
2020-09-01,ir_p1y,0.07441348973607037,32
2020-09-01,ir_p3y,,0
2020-09-01,sr_p6m,-0.07478991596638655,35
2020-09-01,sr_p1y,0.02419354838709677,32
2020-09-01,sr_p3y,,0
2020-10-01,tna,0.4520188204398731,38
2020-10-01,vol_flows,0.33497536945812806,28
2020-10-01,const_90,-0.17606177606177606,36
2020-10-01,const_120,-0.34985994397759107,35
2020-10-01,const_180,-0.32745098039215687,35
2020-10-01,const_250,-0.16945187165775402,33
2020-10-01,const_750,,0
2020-10-01,t_const_90,-0.137966537966538,36
2020-10-01,t_const_120,-0.242296918767507,35
2020-10-01,t_const_180,-0.15882352941176472,35
2020-10-01,t_const_250,-0.07085561497326204,33
2020-10-01,t_const_750,,0
2020-10-01,r2_90,0.13951093951093954,36
2020-10-01,r2_120,0.09523809523809525,35
2020-10-01,r2_180,-0.2165266106442577,35
2020-10-01,r2_250,-0.23930481283422458,33
2020-10-01,r2_750,,0
2020-10-01,t_mkt_90,-0.04118404118404118,36
2020-10-01,t_mkt_120,-0.2705882352941177,35
2020-10-01,t_mkt_180,-0.33725490196078434,35
2020-10-01,t_mkt_250,-0.33188502673796794,33
2020-10-01,t_mkt_750,,0
2020-10-01,t_smb_90,-0.18532818532818532,36
2020-10-01,t_smb_120,-0.2563025210084034,35
2020-10-01,t_smb_180,-0.20560224089635856,35
2020-10-01,t_smb_250,-0.07018716577540107,33
2020-10-01,t_smb_750,,0
2020-10-01,t_hml_90,0.5225225225225225,36
2020-10-01,t_hml_120,0.4759103641456583,35
2020-10-01,t_hml_180,0.48515406162464986,35
2020-10-01,t_hml_250,0.5010026737967915,33
2020-10-01,t_hml_750,,0
2020-10-01,t_umd_90,-0.5894465894465895,36
2020-10-01,t_umd_120,-0.6862745098039217,35
2020-10-01,t_umd_180,-0.40784313725490196,35
2020-10-01,t_umd_250,-0.2560160427807487,33
2020-10-01,t_umd_750,,0
2020-10-01,ir_p6m,0.04285714285714286,35
2020-10-01,ir_p1y,-0.07787433155080214,33
2020-10-01,ir_p3y,,0
2020-10-01,sr_p6m,-0.4344537815126051,35
2020-10-01,sr_p1y,-0.205548128342246,33
2020-10-01,sr_p3y,,0
2020-11-01,tna,0.3347193347193347,38
2020-11-01,vol_flows,0.09859625668449198,33
2020-11-01,const_90,-0.2290862290862291,36
2020-11-01,const_120,-0.293951093951094,36
2020-11-01,const_180,-0.34425770308123255,35
2020-11-01,const_250,-0.31717914438502676,33
2020-11-01,const_750,,0
2020-11-01,t_const_90,-0.22522522522522526,36
2020-11-01,t_const_120,-0.287001287001287,36
2020-11-01,t_const_180,-0.3089635854341736,35
2020-11-01,t_const_250,-0.21390374331550804,33
2020-11-01,t_const_750,,0
2020-11-01,r2_90,0.2635778635778636,36
2020-11-01,r2_120,0.30193050193050197,36
2020-11-01,r2_180,0.04453781512605043,35
2020-11-01,r2_250,-0.07820855614973263,33
2020-11-01,r2_750,,0
2020-11-01,t_mkt_90,0.04195624195624196,36
2020-11-01,t_mkt_120,0.025225225225225228,36
2020-11-01,t_mkt_180,-0.09327731092436976,35
2020-11-01,t_mkt_250,-0.1554144385026738,33
2020-11-01,t_mkt_750,,0
2020-11-01,t_smb_90,-0.2563706563706564,36
2020-11-01,t_smb_120,-0.25250965250965257,36
2020-11-01,t_smb_180,-0.23893557422969186,35
2020-11-01,t_smb_250,-0.11697860962566847,33
2020-11-01,t_smb_750,,0
2020-11-01,t_hml_90,0.33230373230373234,36
2020-11-01,t_hml_120,0.427027027027027,36
2020-11-01,t_hml_180,0.5056022408963585,35
2020-11-01,t_hml_250,0.5083556149732621,33
2020-11-01,t_hml_750,,0
2020-11-01,t_umd_90,-0.46332046332046334,36
2020-11-01,t_umd_120,-0.4684684684684685,36
2020-11-01,t_umd_180,-0.3775910364145659,35
2020-11-01,t_umd_250,-0.2503342245989305,33
2020-11-01,t_umd_750,,0
2020-11-01,ir_p6m,-0.07078507078507079,36
2020-11-01,ir_p1y,-0.2219251336898396,33
2020-11-01,ir_p3y,,0
2020-11-01,sr_p6m,-0.3261261261261261,36
2020-11-01,sr_p1y,-0.30280748663101603,33
2020-11-01,sr_p3y,,0
2020-12-01,tna,0.35798956851588426,37
2020-12-01,vol_flows,0.38402406417112306,33
2020-12-01,const_90,-0.17992277992277994,36
2020-12-01,const_120,-0.09355742296918769,35
2020-12-01,const_180,-0.0557422969187675,35
2020-12-01,const_250,0.03375668449197861,33
2020-12-01,const_750,,0
2020-12-01,t_const_90,-0.2175032175032175,36
2020-12-01,t_const_120,-0.08039215686274512,35
2020-12-01,t_const_180,-0.04201680672268908,35
2020-12-01,t_const_250,0.13770053475935828,33
2020-12-01,t_const_750,,0
2020-12-01,r2_90,-0.07155727155727155,36
2020-12-01,r2_120,-0.015126050420168069,35
2020-12-01,r2_180,0.06582633053221289,35
2020-12-01,r2_250,-0.08255347593582889,33
2020-12-01,r2_750,,0
2020-12-01,t_mkt_90,-0.20514800514800519,36
2020-12-01,t_mkt_120,-0.16638655462184873,35
2020-12-01,t_mkt_180,-0.3238095238095238,35
2020-12-01,t_mkt_250,-0.2252673796791444,33
2020-12-01,t_mkt_750,,0
2020-12-01,t_smb_90,-0.11788931788931789,36
2020-12-01,t_smb_120,-0.20700280112044817,35
2020-12-01,t_smb_180,-0.17198879551820728,35
2020-12-01,t_smb_250,-0.1400401069518717,33
2020-12-01,t_smb_750,,0
2020-12-01,t_hml_90,0.3688545688545689,36
2020-12-01,t_hml_120,0.3011204481792717,35
2020-12-01,t_hml_180,0.40420168067226886,35
2020-12-01,t_hml_250,0.3419117647058824,33
2020-12-01,t_hml_750,,0
2020-12-01,t_umd_90,-0.3186615186615187,36
2020-12-01,t_umd_120,-0.4249299719887955,35
2020-12-01,t_umd_180,-0.48515406162464986,35
2020-12-01,t_umd_250,-0.544451871657754,33
2020-12-01,t_umd_750,,0
2020-12-01,ir_p6m,0.13977591036414566,35
2020-12-01,ir_p1y,0.2827540106951872,33
2020-12-01,ir_p3y,,0
2020-12-01,sr_p6m,-0.146218487394958,35
2020-12-01,sr_p1y,0.1106283422459893,33
2020-12-01,sr_p3y,,0
2021-01-01,tna,0.1966386554621849,35
2021-01-01,vol_flows,0.156891495601173,32
2021-01-01,const_90,-0.09732620320855614,34
2021-01-01,const_120,-0.004125286478227655,34
2021-01-01,const_180,-0.2606951871657754,33
2021-01-01,const_250,-0.2415689149560117,32
2021-01-01,const_750,,0
2021-01-01,t_const_90,-0.13307868601986247,34
2021-01-01,t_const_120,-0.027654698242933536,34
2021-01-01,t_const_180,-0.2115641711229947,33
2021-01-01,t_const_250,-0.18255131964809382,32
2021-01-01,t_const_750,,0
2021-01-01,r2_90,0.19755538579067988,34
2021-01-01,r2_120,0.2611153552330023,34
2021-01-01,r2_180,0.34090909090909094,33
2021-01-01,r2_250,0.09127565982404691,32
2021-01-01,r2_750,,0
2021-01-01,t_mkt_90,-0.15416348357524828,34
2021-01-01,t_mkt_120,-0.10893812070282656,34
2021-01-01,t_mkt_180,-0.18582887700534761,33
2021-01-01,t_mkt_250,-0.20601173020527858,32
2021-01-01,t_mkt_750,,0
2021-01-01,t_smb_90,-0.2510313216195569,34
2021-01-01,t_smb_120,-0.33017570664629486,34
2021-01-01,t_smb_180,-0.31818181818181823,33
2021-01-01,t_smb_250,-0.18291788856304986,32
2021-01-01,t_smb_750,,0
2021-01-01,t_hml_90,0.7060351413292589,34
2021-01-01,t_hml_120,0.8065699006875477,34
2021-01-01,t_hml_180,0.80548128342246,33
2021-01-01,t_hml_250,0.7250733137829911,32
2021-01-01,t_hml_750,,0
2021-01-01,t_umd_90,-0.5061879297173414,34
2021-01-01,t_umd_120,-0.45729564553093965,34
2021-01-01,t_umd_180,-0.4719251336898396,33
2021-01-01,t_umd_250,-0.5153958944281525,32
2021-01-01,t_umd_750,,0
2021-01-01,ir_p6m,0.43712757830404886,34
2021-01-01,ir_p1y,0.06598240469208211,32
2021-01-01,ir_p3y,,0
2021-01-01,sr_p6m,0.13399541634835752,34
2021-01-01,sr_p1y,-0.09970674486803517,32
2021-01-01,sr_p3y,,0
2021-02-01,tna,-0.044817927170868355,35
2021-02-01,vol_flows,-0.10461229946524064,33
2021-02-01,const_90,0.002902979373567609,34
2021-02-01,const_120,0.060351413292589765,34
2021-02-01,const_180,0.4264705882352941,33
2021-02-01,const_250,0.30514705882352944,33
2021-02-01,const_750,,0
2021-02-01,t_const_90,0.11657754010695186,34
2021-02-01,t_const_120,0.1523300229182582,34
2021-02-01,t_const_180,0.44685828877005357,33
2021-02-01,t_const_250,0.19719251336898397,33
2021-02-01,t_const_750,,0
2021-02-01,r2_90,-0.2965622612681436,34
2021-02-01,r2_120,-0.4294881588999236,34
2021-02-01,r2_180,-0.482620320855615,33
2021-02-01,r2_250,-0.14973262032085563,33
2021-02-01,r2_750,,0
2021-02-01,t_mkt_90,-0.04201680672268907,34
2021-02-01,t_mkt_120,-0.1437738731856379,34
2021-02-01,t_mkt_180,-0.19017379679144386,33
2021-02-01,t_mkt_250,0.04478609625668449,33
2021-02-01,t_mkt_750,,0
2021-02-01,t_smb_90,0.5850267379679144,34
2021-02-01,t_smb_120,0.6381970970206264,34
2021-02-01,t_smb_180,0.6106283422459893,33
2021-02-01,t_smb_250,0.4766042780748663,33
2021-02-01,t_smb_750,,0
2021-02-01,t_hml_90,-0.32436974789915957,34
2021-02-01,t_hml_120,-0.27700534759358286,34
2021-02-01,t_hml_180,-0.4234625668449198,33
2021-02-01,t_hml_250,-0.6858288770053477,33
2021-02-01,t_hml_750,,0
2021-02-01,t_umd_90,0.7469824293353705,34
2021-02-01,t_umd_120,0.7405653170359052,34
2021-02-01,t_umd_180,0.707553475935829,33
2021-02-01,t_umd_250,0.5267379679144385,33
2021-02-01,t_umd_750,,0
2021-02-01,ir_p6m,-0.25133689839572193,34
2021-02-01,ir_p1y,-0.20454545454545456,33
2021-02-01,ir_p3y,,0
2021-02-01,sr_p6m,0.06921313980137508,34
2021-02-01,sr_p1y,-0.04578877005347594,33
2021-02-01,sr_p3y,,0
2021-03-01,tna,-0.04005602240896359,35
2021-03-01,vol_flows,0.05581550802139038,33
2021-03-01,const_90,0.26106442577030814,35
2021-03-01,const_120,0.173414820473644,34
2021-03-01,const_180,0.26169786096256686,33
2021-03-01,const_250,0.1804812834224599,33
2021-03-01,const_750,,0
2021-03-01,t_const_90,0.26246498599439777,35
2021-03-01,t_const_120,0.2030557677616501,34
2021-03-01,t_const_180,0.27239304812834225,33
2021-03-01,t_const_250,0.1734625668449198,33
2021-03-01,t_const_750,,0
2021-03-01,r2_90,0.29215686274509806,35
2021-03-01,r2_120,0.1865546218487395,34
2021-03-01,r2_180,0.15274064171122995,33
2021-03-01,r2_250,0.08155080213903744,33
2021-03-01,r2_750,,0
2021-03-01,t_mkt_90,0.19887955182072833,35
2021-03-01,t_mkt_120,0.08754774637127577,34
2021-03-01,t_mkt_180,0.10327540106951873,33
2021-03-01,t_mkt_250,-0.035093582887700536,33
2021-03-01,t_mkt_750,,0
2021-03-01,t_smb_90,0.16946778711484592,35
2021-03-01,t_smb_120,0.13521772345301758,34
2021-03-01,t_smb_180,0.06951871657754011,33
2021-03-01,t_smb_250,0.006350267379679145,33
2021-03-01,t_smb_750,,0
2021-03-01,t_hml_90,0.2882352941176471,35
2021-03-01,t_hml_120,0.2623376623376623,34
2021-03-01,t_hml_180,0.285427807486631,33
2021-03-01,t_hml_250,0.2850935828877006,33
2021-03-01,t_hml_750,,0
2021-03-01,t_umd_90,-0.001680672268907563,35
2021-03-01,t_umd_120,0.1902215431627196,34
2021-03-01,t_umd_180,0.053810160427807494,33
2021-03-01,t_umd_250,0.06851604278074867,33
2021-03-01,t_umd_750,,0
2021-03-01,ir_p6m,0.13796791443850268,34
2021-03-01,ir_p1y,0.37500000000000006,33
2021-03-01,ir_p3y,,0
2021-03-01,sr_p6m,0.18288770053475933,34
2021-03-01,sr_p1y,0.3602941176470589,33
2021-03-01,sr_p3y,,0
2021-04-01,tna,0.10280112044817928,35
2021-04-01,vol_flows,0.27473262032085566,33
2021-04-01,const_90,0.22717086834733893,35
2021-04-01,const_120,-0.38907563025210085,35
2021-04-01,const_180,-0.31489686783804427,34
2021-04-01,const_250,-0.4441844919786097,33
2021-04-01,const_750,,0
2021-04-01,t_const_90,0.24761904761904763,35
2021-04-01,t_const_120,-0.33389355742296917,35
2021-04-01,t_const_180,-0.31184110007639415,34
2021-04-01,t_const_250,-0.3653074866310161,33
2021-04-01,t_const_750,,0
2021-04-01,r2_90,0.09327731092436976,35
2021-04-01,r2_120,0.07815126050420168,35
2021-04-01,r2_180,0.07685255920550038,34
2021-04-01,r2_250,0.2005347593582888,33
2021-04-01,r2_750,,0
2021-04-01,t_mkt_90,-0.008683473389355743,35
2021-04-01,t_mkt_120,-0.06834733893557424,35
2021-04-01,t_mkt_180,-0.09732620320855614,34
2021-04-01,t_mkt_250,-0.2309491978609626,33
2021-04-01,t_mkt_750,,0
2021-04-01,t_smb_90,-0.06414565826330533,35
2021-04-01,t_smb_120,-0.146218487394958,35
2021-04-01,t_smb_180,-0.333231474407945,34
2021-04-01,t_smb_250,-0.3790106951871658,33
2021-04-01,t_smb_750,,0
2021-04-01,t_hml_90,0.6361344537815127,35
2021-04-01,t_hml_120,0.6100840336134454,35
2021-04-01,t_hml_180,0.5810542398777693,34
2021-04-01,t_hml_250,0.6236631016042781,33
2021-04-01,t_hml_750,,0
2021-04-01,t_umd_90,-0.7232492997198879,35
2021-04-01,t_umd_120,-0.7207282913165266,35
2021-04-01,t_umd_180,-0.7060351413292589,34
2021-04-01,t_umd_250,-0.7115641711229946,33
2021-04-01,t_umd_750,,0
2021-04-01,ir_p6m,0.43893557422969187,35
2021-04-01,ir_p1y,0.24298128342245992,33
2021-04-01,ir_p3y,,0
2021-04-01,sr_p6m,0.1661064425770308,35
2021-04-01,sr_p1y,-0.22459893048128346,33
2021-04-01,sr_p3y,,0
2021-05-01,tna,0.07670527670527671,36
2021-05-01,vol_flows,-0.0875668449197861,33
2021-05-01,const_90,-0.03655083655083655,36
2021-05-01,const_120,0.042728442728442735,36
2021-05-01,const_180,0.34481792717086834,35
2021-05-01,const_250,0.4823529411764706,34
2021-05-01,const_750,,0
2021-05-01,t_const_90,-0.02625482625482626,36
2021-05-01,t_const_120,0.03191763191763192,36
2021-05-01,t_const_180,0.380672268907563,35
2021-05-01,t_const_250,0.4881588999236058,34
2021-05-01,t_const_750,,0
2021-05-01,r2_90,-0.14054054054054055,36
2021-05-01,r2_120,-0.15341055341055343,36
2021-05-01,r2_180,-0.19775910364145657,35
2021-05-01,r2_250,-0.28586707410236817,34
2021-05-01,r2_750,,0
2021-05-01,t_mkt_90,-0.08288288288288288,36
2021-05-01,t_mkt_120,-0.07567567567567568,36
2021-05-01,t_mkt_180,-0.0669467787114846,35
2021-05-01,t_mkt_250,-0.06493506493506493,34
2021-05-01,t_mkt_750,,0
2021-05-01,t_smb_90,0.09034749034749036,36
2021-05-01,t_smb_120,0.24890604890604892,36
2021-05-01,t_smb_180,0.49943977591036415,35
2021-05-01,t_smb_250,0.6302521008403361,34
2021-05-01,t_smb_750,,0
2021-05-01,t_hml_90,-0.2906048906048906,36
2021-05-01,t_hml_120,-0.2712998712998713,36
2021-05-01,t_hml_180,-0.146218487394958,35
2021-05-01,t_hml_250,-0.20427807486631014,34
2021-05-01,t_hml_750,,0
2021-05-01,t_umd_90,0.46563706563706564,36
2021-05-01,t_umd_120,0.44967824967824965,36
2021-05-01,t_umd_180,0.22605042016806726,35
2021-05-01,t_umd_250,0.3038961038961039,34
2021-05-01,t_umd_750,,0
2021-05-01,ir_p6m,-0.09755469755469756,36
2021-05-01,ir_p1y,0.08357524828113064,34
2021-05-01,ir_p3y,,0
2021-05-01,sr_p6m,-0.027284427284427287,36
2021-05-01,sr_p1y,0.43651642475171887,34
2021-05-01,sr_p3y,,0
2021-06-01,tna,0.21708683473389356,35
2021-06-01,vol_flows,0.21517595307917886,32
2021-06-01,const_90,0.2246498599439776,35
2021-06-01,const_120,0.3988795518207283,35
2021-06-01,const_180,0.44171122994652406,34
2021-06-01,const_250,0.4441844919786097,33
2021-06-01,const_750,,0
2021-06-01,t_const_90,0.1938375350140056,35
2021-06-01,t_const_120,0.43641456582633054,35
2021-06-01,t_const_180,0.45423987776928954,34
2021-06-01,t_const_250,0.48629679144385035,33
2021-06-01,t_const_750,,0
2021-06-01,r2_90,0.043697478991596636,35
2021-06-01,r2_120,-0.035854341736694675,35
2021-06-01,r2_180,-0.07990832696715049,34
2021-06-01,r2_250,-0.09525401069518717,33
2021-06-01,r2_750,,0
2021-06-01,t_mkt_90,-0.07366946778711485,35
2021-06-01,t_mkt_120,-0.16694677871148458,35
2021-06-01,t_mkt_180,-0.13002291825821238,34
2021-06-01,t_mkt_250,-0.11631016042780751,33
2021-06-01,t_mkt_750,,0
2021-06-01,t_smb_90,0.11036414565826332,35
2021-06-01,t_smb_120,0.242296918767507,35
2021-06-01,t_smb_180,0.3812070282658518,34
2021-06-01,t_smb_250,0.348596256684492,33
2021-06-01,t_smb_750,,0
2021-06-01,t_hml_90,0.10588235294117648,35
2021-06-01,t_hml_120,0.10812324929971989,35
2021-06-01,t_hml_180,0.16944232238349885,34
2021-06-01,t_hml_250,0.21189839572192515,33
2021-06-01,t_hml_750,,0
2021-06-01,t_umd_90,0.3929971988795518,35
2021-06-01,t_umd_120,0.2854341736694678,35
2021-06-01,t_umd_180,0.27700534759358286,34
2021-06-01,t_umd_250,0.17814171122994654,33
2021-06-01,t_umd_750,,0
2021-06-01,ir_p6m,0.3369747899159664,35
2021-06-01,ir_p1y,0.4097593582887701,33
2021-06-01,ir_p3y,,0
2021-06-01,sr_p6m,0.4294117647058824,35
2021-06-01,sr_p1y,0.5167112299465241,33
2021-06-01,sr_p3y,,0
2021-07-01,tna,-0.09439775910364147,35
2021-07-01,vol_flows,-0.32419786096256686,33
2021-07-01,const_90,0.34313725490196084,35
2021-07-01,const_120,0.2742296918767507,35
2021-07-01,const_180,0.15406162464985995,35
2021-07-01,const_250,0.18227654698242934,34
2021-07-01,const_750,,0
2021-07-01,t_const_90,0.2582633053221289,35
2021-07-01,t_const_120,0.21400560224089635,35
2021-07-01,t_const_180,0.10644257703081232,35
2021-07-01,t_const_250,0.15355233002291827,34
2021-07-01,t_const_750,,0
2021-07-01,r2_90,0.22016806722689075,35
2021-07-01,r2_120,0.0565826330532213,35
2021-07-01,r2_180,0.14061624649859944,35
2021-07-01,r2_250,0.15813598166539342,34
2021-07-01,r2_750,,0
2021-07-01,t_mkt_90,0.4434173669467787,35
2021-07-01,t_mkt_120,0.25910364145658266,35
2021-07-01,t_mkt_180,0.31680672268907567,35
2021-07-01,t_mkt_250,0.32742551566080974,34
2021-07-01,t_mkt_750,,0
2021-07-01,t_smb_90,-0.6070028011204481,35
2021-07-01,t_smb_120,-0.5467787114845939,35
2021-07-01,t_smb_180,-0.4319327731092438,35
2021-07-01,t_smb_250,-0.2666157372039725,34
2021-07-01,t_smb_750,,0
2021-07-01,t_hml_90,-0.44649859943977593,35
2021-07-01,t_hml_120,-0.6375350140056023,35
2021-07-01,t_hml_180,-0.6291316526610645,35
2021-07-01,t_hml_250,-0.5523300229182582,34
2021-07-01,t_hml_750,,0
2021-07-01,t_umd_90,0.01680672268907563,35
2021-07-01,t_umd_120,0.23221288515406163,35
2021-07-01,t_umd_180,0.3078431372549019,35
2021-07-01,t_umd_250,0.3048128342245989,34
2021-07-01,t_umd_750,,0
2021-07-01,ir_p6m,-0.4927170868347339,35
2021-07-01,ir_p1y,-0.38365164247517186,34
2021-07-01,ir_p3y,,0
2021-07-01,sr_p6m,-0.42072829131652667,35
2021-07-01,sr_p1y,-0.17799847211611916,34
2021-07-01,sr_p3y,,0
2021-08-01,tna,-0.04705882352941177,35
2021-08-01,vol_flows,0.11497326203208558,33
2021-08-01,const_90,-0.28767507002801124,35
2021-08-01,const_120,-0.43277310924369744,35
2021-08-01,const_180,-0.2518207282913165,35
2021-08-01,const_250,-0.3320091673032849,34
2021-08-01,const_750,,0
2021-08-01,t_const_90,-0.3103641456582633,35
2021-08-01,t_const_120,-0.4512605042016807,35
2021-08-01,t_const_180,-0.23389355742296922,35
2021-08-01,t_const_250,-0.2901451489686784,34
2021-08-01,t_const_750,,0
2021-08-01,r2_90,0.15098039215686276,35
2021-08-01,r2_120,0.1358543417366947,35
2021-08-01,r2_180,0.20252100840336137,35
2021-08-01,r2_250,0.22841864018334607,34
2021-08-01,r2_750,,0
2021-08-01,t_mkt_90,-0.05826330532212886,35
2021-08-01,t_mkt_120,-0.16050420168067225,35
2021-08-01,t_mkt_180,-0.020448179271708684,35
2021-08-01,t_mkt_250,0.02062643239113827,34
2021-08-01,t_mkt_750,,0
2021-08-01,t_smb_90,0.12268907563025211,35
2021-08-01,t_smb_120,0.207843137254902,35
2021-08-01,t_smb_180,0.006722689075630252,35
2021-08-01,t_smb_250,-0.1523300229182582,34
2021-08-01,t_smb_750,,0
2021-08-01,t_hml_90,0.5408963585434174,35
2021-08-01,t_hml_120,0.4753501400560225,35
2021-08-01,t_hml_180,0.49943977591036415,35
2021-08-01,t_hml_250,0.43896103896103894,34
2021-08-01,t_hml_750,,0
2021-08-01,t_umd_90,-0.3834733893557423,35
2021-08-01,t_umd_120,-0.230812324929972,35
2021-08-01,t_umd_180,-0.5411764705882354,35
2021-08-01,t_umd_250,-0.45087853323147437,34
2021-08-01,t_umd_750,,0
2021-08-01,ir_p6m,-0.2296918767507003,35
2021-08-01,ir_p1y,0.08479755538579069,34
2021-08-01,ir_p3y,,0
2021-08-01,sr_p6m,-0.39495798319327735,35
2021-08-01,sr_p1y,-0.2409472880061115,34
2021-08-01,sr_p3y,,0
2021-09-01,tna,0.13552330022918258,34
2021-09-01,vol_flows,-0.019061583577712607,32
2021-09-01,const_90,-0.04171122994652406,34
2021-09-01,const_120,0.006875477463712757,34
2021-09-01,const_180,-0.1336898395721925,34
2021-09-01,const_250,-0.1681149732620321,33
2021-09-01,const_750,,0
2021-09-01,t_const_90,-0.05393430099312452,34
2021-09-01,t_const_120,-0.08632543926661573,34
2021-09-01,t_const_180,-0.10007639419404124,34
2021-09-01,t_const_250,-0.18983957219251338,33
2021-09-01,t_const_750,,0
2021-09-01,r2_90,0.41145912910618787,34
2021-09-01,r2_120,0.25561497326203203,34
2021-09-01,r2_180,0.06707410236822,34
2021-09-01,r2_250,0.0822192513368984,33
2021-09-01,r2_750,,0
2021-09-01,t_mkt_90,0.44415584415584414,34
2021-09-01,t_mkt_120,0.28464476699770813,34
2021-09-01,t_mkt_180,0.10435446906035142,34
2021-09-01,t_mkt_250,0.030748663101604276,33
2021-09-01,t_mkt_750,,0
2021-09-01,t_smb_90,-0.39923605805958745,34
2021-09-01,t_smb_120,-0.31153552330022916,34
2021-09-01,t_smb_180,-0.414514896867838,34
2021-09-01,t_smb_250,-0.4455213903743316,33
2021-09-01,t_smb_750,,0
2021-09-01,t_hml_90,0.18716577540106952,34
2021-09-01,t_hml_120,0.2308632543926661,34
2021-09-01,t_hml_180,0.17799847211611916,34
2021-09-01,t_hml_250,0.21323529411764705,33
2021-09-01,t_hml_750,,0
2021-09-01,t_umd_90,-0.21588999236058057,34
2021-09-01,t_umd_120,-0.21802902979373567,34
2021-09-01,t_umd_180,-0.3576776165011459,34
2021-09-01,t_umd_250,-0.3612967914438503,33
2021-09-01,t_umd_750,,0
2021-09-01,ir_p6m,-0.0374331550802139,34
2021-09-01,ir_p1y,0.05648395721925135,33
2021-09-01,ir_p3y,,0
2021-09-01,sr_p6m,-0.0802139037433155,34
2021-09-01,sr_p1y,-0.2396390374331551,33
2021-09-01,sr_p3y,,0
2021-10-01,tna,0.05515660809778457,34
2021-10-01,vol_flows,0.16143048128342247,33
2021-10-01,const_90,0.3103132161955691,34
2021-10-01,const_120,0.2675324675324675,34
2021-10-01,const_180,0.4297937356760886,34
2021-10-01,const_250,0.43926661573720394,34
2021-10-01,const_750,,0
2021-10-01,t_const_90,0.3093964858670741,34
2021-10-01,t_const_120,0.22811306340718102,34
2021-10-01,t_const_180,0.42062643239113817,34
2021-10-01,t_const_250,0.4615737203972498,34
2021-10-01,t_const_750,,0
2021-10-01,r2_90,0.05087853323147441,34
2021-10-01,r2_120,-0.002597402597402597,34
2021-10-01,r2_180,-0.08968678380443086,34
2021-10-01,r2_250,-0.14530175706646295,34
2021-10-01,r2_750,,0
2021-10-01,t_mkt_90,0.17983193277310922,34
2021-10-01,t_mkt_120,0.15171886936592818,34
2021-10-01,t_mkt_180,0.05515660809778457,34
2021-10-01,t_mkt_250,0.062184873949579826,34
2021-10-01,t_mkt_750,,0
2021-10-01,t_smb_90,0.2724216959511077,34
2021-10-01,t_smb_120,0.1893048128342246,34
2021-10-01,t_smb_180,0.14316271963330787,34
2021-10-01,t_smb_250,0.2880061115355233,34
2021-10-01,t_smb_750,,0
2021-10-01,t_hml_90,-0.5669977081741787,34
2021-10-01,t_hml_120,-0.5666921313980137,34
2021-10-01,t_hml_180,-0.5694423223834988,34
2021-10-01,t_hml_250,-0.5575248281130634,34
2021-10-01,t_hml_750,,0
2021-10-01,t_umd_90,0.05026737967914439,34
2021-10-01,t_umd_120,0.15538579067990832,34
2021-10-01,t_umd_180,0.43162719633307867,34
2021-10-01,t_umd_250,0.5049656226126814,34
2021-10-01,t_umd_750,,0
2021-10-01,ir_p6m,-0.08815889992360579,34
2021-10-01,ir_p1y,-0.21833460656990067,34
2021-10-01,ir_p3y,,0
2021-10-01,sr_p6m,0.18013750954927424,34
2021-10-01,sr_p1y,0.1896103896103896,34
2021-10-01,sr_p3y,,0
2021-11-01,tna,-0.17915057915057916,36
2021-11-01,vol_flows,-0.09759358288770054,33
2021-11-01,const_90,-0.03529411764705883,35
2021-11-01,const_120,0.11008403361344538,35
2021-11-01,const_180,0.10056022408963586,35
2021-11-01,const_250,0.057703081232493,35
2021-11-01,const_750,,0
2021-11-01,t_const_90,-0.08123249299719888,35
2021-11-01,t_const_120,0.08795518207282914,35
2021-11-01,t_const_180,0.08963585434173671,35
2021-11-01,t_const_250,0.04229691876750701,35
2021-11-01,t_const_750,,0
2021-11-01,r2_90,0.20588235294117646,35
2021-11-01,r2_120,0.20028011204481794,35
2021-11-01,r2_180,0.17759103641456586,35
2021-11-01,r2_250,0.011204481792717089,35
2021-11-01,r2_750,,0
2021-11-01,t_mkt_90,0.21288515406162464,35
2021-11-01,t_mkt_120,0.20448179271708683,35
2021-11-01,t_mkt_180,0.1742296918767507,35
2021-11-01,t_mkt_250,0.09215686274509804,35
2021-11-01,t_mkt_750,,0
2021-11-01,t_smb_90,0.14089635854341737,35
2021-11-01,t_smb_120,0.16834733893557424,35
2021-11-01,t_smb_180,0.1504201680672269,35
2021-11-01,t_smb_250,0.13053221288515407,35
2021-11-01,t_smb_750,,0
2021-11-01,t_hml_90,-0.05350140056022409,35
2021-11-01,t_hml_120,-0.016526610644257703,35
2021-11-01,t_hml_180,-0.001400560224089636,35
2021-11-01,t_hml_250,0.028011204481792715,35
2021-11-01,t_hml_750,,0
2021-11-01,t_umd_90,0.12941176470588237,35
2021-11-01,t_umd_120,0.13165266106442577,35
2021-11-01,t_umd_180,0.2215686274509804,35
2021-11-01,t_umd_250,0.34061624649859945,35
2021-11-01,t_umd_750,,0
2021-11-01,ir_p6m,0.11092436974789917,35
2021-11-01,ir_p1y,0.041736694677871146,35
2021-11-01,ir_p3y,,0
2021-11-01,sr_p6m,0.10980392156862746,35
2021-11-01,sr_p1y,0.08179271708683473,35
2021-11-01,sr_p3y,,0
2021-12-01,tna,-0.09525899912203688,67
2021-12-01,vol_flows,-0.003342245989304813,33
2021-12-01,const_90,-0.1788114439324117,63
2021-12-01,const_120,-0.2176475032106973,62
2021-12-01,const_180,-0.29963989826496434,62
2021-12-01,const_250,0.05018760544937171,62
2021-12-01,const_750,,0
2021-12-01,t_const_90,-0.19954877112135178,63
2021-12-01,t_const_120,-0.2338646722570573,62
2021-12-01,t_const_180,-0.3032660975548337,62
2021-12-01,t_const_250,0.06907406008410767,62
2021-12-01,t_const_750,,0
2021-12-01,r2_90,0.14429723502304148,63
2021-12-01,r2_120,0.1676865352169424,62
2021-12-01,r2_180,0.20923673541336155,62
2021-12-01,r2_250,0.1580166704439576,62
2021-12-01,r2_750,,0
2021-12-01,t_mkt_90,-0.009120583717357912,63
2021-12-01,t_mkt_120,2.518193951298129e-05,62
2021-12-01,t_mkt_180,0.0007302762458764574,62
2021-12-01,t_mkt_250,-0.012364332300873814,62
2021-12-01,t_mkt_750,,0
2021-12-01,t_smb_90,-0.2961309523809524,63
2021-12-01,t_smb_120,-0.17252146760343484,62
2021-12-01,t_smb_180,-0.07244843997884717,62
2021-12-01,t_smb_250,-0.15595175140389314,62
2021-12-01,t_smb_750,,0
2021-12-01,t_hml_90,0.703821044546851,63
2021-12-01,t_hml_120,0.7145878975598701,62
2021-12-01,t_hml_180,0.6991261866988996,62
2021-12-01,t_hml_250,0.6846717534184483,62
2021-12-01,t_hml_750,,0
2021-12-01,t_umd_90,0.25240015360983103,63
2021-12-01,t_umd_120,0.09244289995215432,62
2021-12-01,t_umd_180,-0.10352295333786608,62
2021-12-01,t_umd_250,-0.45314900153609833,62
2021-12-01,t_umd_750,,0
2021-12-01,ir_p6m,-0.10060184835436024,62
2021-12-01,ir_p1y,0.388985419657022,62
2021-12-01,ir_p3y,,0
2021-12-01,sr_p6m,-0.19725013220518245,62
2021-12-01,sr_p1y,0.27465941426808693,62
2021-12-01,sr_p3y,,0
2022-01-01,tna,-0.0475187969924812,76
2022-01-01,vol_flows,0.06049465240641711,33
2022-01-01,const_90,0.043125419181757205,71
2022-01-01,const_120,0.17347417840375584,71
2022-01-01,const_180,0.11528300236199808,70
2022-01-01,const_250,0.13151955209517976,70
2022-01-01,const_750,0.07951644160078748,58
2022-01-01,t_const_90,0.011032863849765257,71
2022-01-01,t_const_120,0.1441649899396378,71
2022-01-01,t_const_180,0.11601784620768085,70
2022-01-01,t_const_250,0.10307059749803169,70
2022-01-01,t_const_750,0.015780245470485097,58
2022-01-01,r2_90,0.23373574782025483,71
2022-01-01,r2_120,0.23967136150234739,71
2022-01-01,r2_180,0.20332429358761264,70
2022-01-01,r2_250,0.20598372845770271,70
2022-01-01,r2_750,0.1924697776000492,58
2022-01-01,t_mkt_90,0.20533199195171026,71
2022-01-01,t_mkt_120,0.22045606975184437,71
2022-01-01,t_mkt_180,0.21606158691278102,70
2022-01-01,t_mkt_250,0.1796343277053626,70
2022-01-01,t_mkt_750,0.21597096188747733,58
2022-01-01,t_smb_90,-0.3458417169684775,71
2022-01-01,t_smb_120,-0.44322602280348755,71
2022-01-01,t_smb_180,-0.4217828711398828,70
2022-01-01,t_smb_250,-0.4189834660134721,70
2022-01-01,t_smb_750,-0.38724660863145594,58
2022-01-01,t_hml_90,-0.28427230046948354,71
2022-01-01,t_hml_120,-0.23715627095908784,71
2022-01-01,t_hml_180,-0.2122124048639664,70
2022-01-01,t_hml_250,-0.19223165077421048,70
2022-01-01,t_hml_750,-0.28475191485434803,58
2022-01-01,t_umd_90,0.030717639168343393,71
2022-01-01,t_umd_120,-0.018309859154929577,71
2022-01-01,t_umd_180,-0.045227889073571864,70
2022-01-01,t_umd_250,0.08676406263668972,70
2022-01-01,t_umd_750,0.22901350395275158,58
2022-01-01,ir_p6m,-0.01861167002012072,71
2022-01-01,ir_p1y,-0.1497156854168489,70
2022-01-01,ir_p3y,-0.09957242609738842,58
2022-01-01,sr_p6m,0.08058350100603622,71
2022-01-01,sr_p1y,-0.052996238299361384,70
2022-01-01,sr_p3y,0.1703835860838537,58
2022-02-01,tna,-0.1452904989747095,76
2022-02-01,vol_flows,0.043114973262032084,33
2022-02-01,const_90,0.3363849765258215,71
2022-02-01,const_120,0.32498323272971164,71
2022-02-01,const_180,0.09691190621992826,70
2022-02-01,const_250,0.27593386405388853,70
2022-02-01,const_750,-0.026669537666492358,58
2022-02-01,t_const_90,0.31264252179745133,71
2022-02-01,t_const_120,0.30519785378940306,71
2022-02-01,t_const_180,0.09453241186247922,70
2022-02-01,t_const_250,0.24125623305047675,70
2022-02-01,t_const_750,-0.06567412101264267,58
2022-02-01,r2_90,0.3938967136150234,71
2022-02-01,r2_120,0.360093896713615,71
2022-02-01,r2_180,0.37674744116875164,70
2022-02-01,r2_250,0.3241186247922317,70
2022-02-01,r2_750,0.22544526131225198,58
2022-02-01,t_mkt_90,0.3190811535881958,71
2022-02-01,t_mkt_120,0.3228370221327967,71
2022-02-01,t_mkt_180,0.2860817076371271,70
2022-02-01,t_mkt_250,0.21641151255358235,70
2022-02-01,t_mkt_750,0.180657664031499,58
2022-02-01,t_smb_90,-0.15070422535211267,71
2022-02-01,t_smb_120,-0.17572099262240107,71
2022-02-01,t_smb_180,-0.10440031493307672,70
2022-02-01,t_smb_250,-0.055690665733531625,70
2022-02-01,t_smb_750,0.12239687471161834,58
2022-02-01,t_hml_90,0.19262240107310527,71
2022-02-01,t_hml_120,0.19305835010060363,71
2022-02-01,t_hml_180,0.3311171376082582,70
2022-02-01,t_hml_250,0.37779721809115563,70
2022-02-01,t_hml_750,0.4425543695591991,58
2022-02-01,t_umd_90,0.1186787391012743,71
2022-02-01,t_umd_120,0.1288732394366197,71
2022-02-01,t_umd_180,0.18701775872627066,70
2022-02-01,t_umd_250,0.1073396903158079,70
2022-02-01,t_umd_750,0.08431511273801102,58
2022-02-01,ir_p6m,0.3069751844399731,71
2022-02-01,ir_p1y,0.4046015221765375,70
2022-02-01,ir_p3y,0.05078593620228245,58
2022-02-01,sr_p6m,0.3071428571428571,71
2022-02-01,sr_p1y,0.4179336890910681,70
2022-02-01,sr_p3y,0.1244270817312129,58
2022-03-01,tna,-0.013287764866712235,76
2022-03-01,vol_flows,-0.12600267379679145,33
2022-03-01,const_90,0.043797028747829446,72
2022-03-01,const_120,-0.03329979879275653,71
2022-03-01,const_180,-0.12256145569066573,70
2022-03-01,const_250,-0.21473186947773598,70
2022-03-01,const_750,-0.28684364329877887,58
2022-03-01,t_const_90,0.031834844684545636,72
2022-03-01,t_const_120,-0.037256874580818236,71
2022-03-01,t_const_180,-0.10006123698714024,70
2022-03-01,t_const_250,-0.2211355087044003,70
2022-03-01,t_const_750,-0.27564674397859057,58
2022-03-01,r2_90,-0.1159238536240273,72
2022-03-01,r2_120,-0.20181086519114688,71
2022-03-01,r2_180,-0.139742804654011,70
2022-03-01,r2_250,-0.0974717872452104,70
2022-03-01,r2_750,-0.07434864191454675,58
2022-03-01,t_mkt_90,-0.1321628400540228,72
2022-03-01,t_mkt_120,-0.20979208584842385,71
2022-03-01,t_mkt_180,-0.16906657335316244,70
2022-03-01,t_mkt_250,-0.16185810515265503,70
2022-03-01,t_mkt_750,-0.1652773078224492,58
2022-03-01,t_smb_90,0.1685960511930028,72
2022-03-01,t_smb_120,0.1157612340710932,71
2022-03-01,t_smb_180,0.14849094567404425,70
2022-03-01,t_smb_250,0.15940862566704575,70
2022-03-01,t_smb_750,0.11667538220185181,58
2022-03-01,t_hml_90,0.3873882564795164,72
2022-03-01,t_hml_120,0.4464453386988598,71
2022-03-01,t_hml_180,0.42689178549558215,70
2022-03-01,t_hml_250,0.4018721021782871,70
2022-03-01,t_hml_750,0.3749423236642161,58
2022-03-01,t_umd_90,-0.21155701331275326,72
2022-03-01,t_umd_120,-0.0544936284372904,71
2022-03-01,t_umd_180,-0.2011897471787245,70
2022-03-01,t_umd_250,-0.2408713148455953,70
2022-03-01,t_umd_750,-0.23362761081546649,58
2022-03-01,ir_p6m,0.14963112005365525,71
2022-03-01,ir_p1y,0.08511941212492345,70
2022-03-01,ir_p3y,-0.1882863207111877,58
2022-03-01,sr_p6m,0.1691482226693494,71
2022-03-01,sr_p1y,0.0293412649811915,70
2022-03-01,sr_p3y,-0.2894275431418992,58
2022-04-01,tna,0.07442241968557758,76
2022-04-01,vol_flows,-0.07185828877005349,33
2022-04-01,const_90,0.1302295446131063,73
2022-04-01,const_120,0.15016767270288395,71
2022-04-01,const_180,0.3605298457411133,71
2022-04-01,const_250,0.34304960195958356,70
2022-04-01,const_750,-0.25540619520748103,58
2022-04-01,t_const_90,0.14929655683080342,73
2022-04-01,t_const_120,0.2038900067069081,71
2022-04-01,t_const_180,0.3644198524480214,71
2022-04-01,t_const_250,0.3181698888986091,70
2022-04-01,t_const_750,-0.22083115444953708,58
2022-04-01,r2_90,-0.4270331975811429,73
2022-04-01,r2_120,-0.32810194500335343,71
2022-04-01,r2_180,-0.36569416498993956,71
2022-04-01,r2_250,-0.3389904645262881,70
2022-04-01,r2_750,-0.038912301208896,58
2022-04-01,t_mkt_90,-0.3038997902011601,73
2022-04-01,t_mkt_120,-0.251945003353454,71
2022-04-01,t_mkt_180,-0.313514419852448,71
2022-04-01,t_mkt_250,-0.2811127635377482,70
2022-04-01,t_mkt_750,-0.12762619582269527,58
2022-04-01,t_smb_90,-0.16891891891891894,73
2022-04-01,t_smb_120,-0.1708920187793427,71
2022-04-01,t_smb_180,-0.1822937625754527,71
2022-04-01,t_smb_250,-0.1889773423147581,70
2022-04-01,t_smb_750,-0.44926020486634477,58
2022-04-01,t_hml_90,0.16459953103788721,73
2022-04-01,t_hml_120,0.11861167002012071,71
2022-04-01,t_hml_180,0.10073775989268945,71
2022-04-01,t_hml_250,0.04599772548333479,70
2022-04-01,t_hml_750,0.08960595527392415,58
2022-04-01,t_umd_90,-0.40963223497470075,73
2022-04-01,t_umd_120,-0.4541582830315224,71
2022-04-01,t_umd_180,-0.476693494299128,71
2022-04-01,t_umd_250,-0.5216516490245823,70
2022-04-01,t_umd_750,-0.4665477252453167,58
2022-04-01,ir_p6m,0.10784708249496981,71
2022-04-01,ir_p1y,0.051106639839034206,70
2022-04-01,ir_p3y,-0.2654341874557815,58
2022-04-01,sr_p6m,-0.005767940979208584,71
2022-04-01,sr_p1y,0.13312921004286588,70
2022-04-01,sr_p3y,-0.30517702789996626,58
2022-05-01,tna,-0.13739425131830196,78
2022-05-01,vol_flows,-0.09763177998472114,34
2022-05-01,const_90,0.34517780938833575,75
2022-05-01,const_120,0.3711492700495209,72
2022-05-01,const_180,0.2628772635814889,71
2022-05-01,const_250,0.24269092817776222,70
2022-05-01,const_750,-0.05355440031991141,58
2022-05-01,t_const_90,0.2959317211948791,75
2022-05-01,t_const_120,0.3619846935494245,72
2022-05-01,t_const_180,0.2540912139503688,71
2022-05-01,t_const_250,0.2415011809990377,70
2022-05-01,t_const_750,-0.07822449167922729,58
2022-05-01,r2_90,0.00406827880512091,75
2022-05-01,r2_120,0.00977554826676957,72
2022-05-01,r2_180,-0.0013413816230717637,71
2022-05-01,r2_250,0.01408450704225352,70
2022-05-01,r2_750,0.24414777446245658,58
2022-05-01,t_mkt_90,0.06998577524893314,75
2022-05-01,t_mkt_120,0.07042253521126762,72
2022-05-01,t_mkt_180,0.03645204560697518,71
2022-05-01,t_mkt_250,0.03700463651474062,70
2022-05-01,t_mkt_750,0.1562336583715279,58
2022-05-01,t_smb_90,-0.13706970128022758,75
2022-05-01,t_smb_120,-0.16255064634381636,72
2022-05-01,t_smb_180,-0.11552649228705565,71
2022-05-01,t_smb_250,-0.11899221415449217,70
2022-05-01,t_smb_750,-0.08271555569226985,58
2022-05-01,t_hml_90,0.22688477951635846,75
2022-05-01,t_hml_120,0.3117242266383691,72
2022-05-01,t_hml_180,0.36579476861167,71
2022-05-01,t_hml_250,0.3126060712098679,70
2022-05-01,t_hml_750,0.29650250699806213,58
2022-05-01,t_umd_90,-0.2118918918918919,75
2022-05-01,t_umd_120,-0.19313139108624353,72
2022-05-01,t_umd_180,-0.06311200536552648,71
2022-05-01,t_umd_250,-0.17917942437232087,70
2022-05-01,t_umd_750,-0.37777230920668126,58
2022-05-01,ir_p6m,0.3441378866808155,72
2022-05-01,ir_p1y,0.23898171638526813,70
2022-05-01,ir_p3y,-0.02691562336583716,58
2022-05-01,sr_p6m,0.34503826612643906,72
2022-05-01,sr_p1y,0.2765287376432508,70
2022-05-01,sr_p3y,0.05872220000615215,58
2022-06-01,tna,0.01163583252190847,79
2022-06-01,vol_flows,-0.05729564553093964,34
2022-06-01,const_90,-0.4581818181818182,76
2022-06-01,const_120,-0.3282503556187767,75
2022-06-01,const_180,-0.3181086519114688,71
2022-06-01,const_250,-0.3801767124486046,70
2022-06-01,const_750,-0.27816912239687475,58
2022-06-01,t_const_90,-0.4577717019822283,76
2022-06-01,t_const_120,-0.32916073968705545,75
2022-06-01,t_const_180,-0.3253521126760563,71
2022-06-01,t_const_250,-0.3641501180999038,70
2022-06-01,t_const_750,-0.21603248331231353,58
2022-06-01,r2_90,0.062310321257689684,76
2022-06-01,r2_120,0.08660028449502133,75
2022-06-01,r2_180,0.05462776659959758,71
2022-06-01,r2_250,0.03126585600559881,70
2022-06-01,r2_750,-0.14442154480297767,58
2022-06-01,t_mkt_90,0.01645933014354067,76
2022-06-01,t_mkt_120,0.042532005689900426,75
2022-06-01,t_mkt_180,0.03775989268947015,71
2022-06-01,t_mkt_250,0.03462514215729157,70
2022-06-01,t_mkt_750,-0.07539450613676214,58
2022-06-01,t_smb_90,0.4229391660970609,76
2022-06-01,t_smb_120,0.38628733997155046,75
2022-06-01,t_smb_180,0.38021462105969145,71
2022-06-01,t_smb_250,0.31687516402764415,70
2022-06-01,t_smb_750,0.2770617367498232,58
2022-06-01,t_hml_90,-0.32582365003417635,76
2022-06-01,t_hml_120,-0.3438406827880512,75
2022-06-01,t_hml_180,-0.34647887323943655,71
2022-06-01,t_hml_250,-0.3020033242935876,70
2022-06-01,t_hml_750,-0.23996431757359502,58
2022-06-01,t_umd_90,-0.0816678058783322,76
2022-06-01,t_umd_120,-0.0903271692745377,75
2022-06-01,t_umd_180,-0.13638497652582157,71
2022-06-01,t_umd_250,-0.0025019683317295074,70
2022-06-01,t_umd_750,-0.03522101571872405,58
2022-06-01,ir_p6m,-0.40321479374110947,75
2022-06-01,ir_p1y,-0.39371883474761615,70
2022-06-01,ir_p3y,-0.2253837398874158,58
2022-06-01,sr_p6m,-0.32463726884779515,75
2022-06-01,sr_p1y,-0.3934738867990552,70
2022-06-01,sr_p3y,-0.3625765172721401,58
2022-07-01,tna,-0.12013145082765338,79
2022-07-01,vol_flows,0.044766997708174175,34
2022-07-01,const_90,0.4363362952836637,76
2022-07-01,const_120,0.2734381408065618,76
2022-07-01,const_180,0.15439302481556,71
2022-07-01,const_250,0.014922870556673372,71
2022-07-01,const_750,-0.2262419637638808,59
2022-07-01,t_const_90,0.41462747778537257,76
2022-07-01,t_const_120,0.23589883800410116,76
2022-07-01,t_const_180,0.14161636485580145,71
2022-07-01,t_const_250,0.03212608987256874,71
2022-07-01,t_const_750,-0.12887200467562832,59
2022-07-01,r2_90,-0.12546821599453176,76
2022-07-01,r2_120,-0.045112781954887216,76
2022-07-01,r2_180,-0.14409792085848422,71
2022-07-01,r2_250,-0.15083836351441982,71
2022-07-01,r2_750,-0.31952074810052605,59
2022-07-01,t_mkt_90,-0.19223513328776484,76
2022-07-01,t_mkt_120,-0.11406698564593301,76
2022-07-01,t_mkt_180,-0.20063715627095907,71
2022-07-01,t_mkt_250,-0.22957746478873237,71
2022-07-01,t_mkt_750,-0.3265341905318528,59
2022-07-01,t_smb_90,0.25987696514012304,76
2022-07-01,t_smb_120,0.3151879699248121,76
2022-07-01,t_smb_180,0.2515090543259557,71
2022-07-01,t_smb_250,0.2670690811535882,71
2022-07-01,t_smb_750,0.17124488603156052,59
2022-07-01,t_hml_90,0.20647983595352015,76
2022-07-01,t_hml_120,0.1524265208475735,76
2022-07-01,t_hml_180,0.18759221998658618,71
2022-07-01,t_hml_250,0.18487592219986584,71
2022-07-01,t_hml_750,0.15797779076563417,59
2022-07-01,t_umd_90,0.3120164046479836,76
2022-07-01,t_umd_120,0.19729323308270677,76
2022-07-01,t_umd_180,0.14325955734406437,71
2022-07-01,t_umd_250,0.15580147551978535,71
2022-07-01,t_umd_750,-0.04412624196376389,59
2022-07-01,ir_p6m,0.19152426520847576,76
2022-07-01,ir_p1y,0.13326626425217974,71
2022-07-01,ir_p3y,-0.020105201636469904,59
2022-07-01,sr_p6m,0.2479289131920711,76
2022-07-01,sr_p1y,0.09389671361502347,71
2022-07-01,sr_p3y,-0.21057860900058448,59
2022-08-01,tna,-0.08097896813735778,83
2022-08-01,vol_flows,-0.01390374331550802,34
2022-08-01,const_90,0.41347915242652084,76
2022-08-01,const_120,0.3228434723171565,76
2022-08-01,const_180,0.1966364396424208,72
2022-08-01,const_250,0.2326626425217974,71
2022-08-01,const_750,0.049152542372881365,59
2022-08-01,t_const_90,0.3980861244019139,76
2022-08-01,t_const_120,0.3054818865345181,76
2022-08-01,t_const_180,0.20229596758633997,72
2022-08-01,t_const_250,0.2346747149564051,71
2022-08-01,t_const_750,0.07533606078316776,59
2022-08-01,r2_90,-0.05123718386876282,76
2022-08-01,r2_120,-0.04557758031442242,76
2022-08-01,r2_180,-0.12032928162582805,72
2022-08-01,r2_250,-0.18433936955063712,71
2022-08-01,r2_750,-0.15680888369374638,59
2022-08-01,t_mkt_90,-0.09049897470950101,76
2022-08-01,t_mkt_120,-0.08814764183185236,76
2022-08-01,t_mkt_180,-0.15097433918579978,72
2022-08-01,t_mkt_250,-0.21609657947686114,71
2022-08-01,t_mkt_750,-0.20052600818234953,59
2022-08-01,t_smb_90,0.22045112781954887,76
2022-08-01,t_smb_120,0.24647983595352016,76
2022-08-01,t_smb_180,0.30455334748215324,72
2022-08-01,t_smb_250,0.2813547954393024,71
2022-08-01,t_smb_750,0.22337814143775575,59
2022-08-01,t_hml_90,0.22430622009569376,76
2022-08-01,t_hml_120,0.18974709501025294,76
2022-08-01,t_hml_180,0.2478294424078719,72
2022-08-01,t_hml_250,0.2571428571428571,71
2022-08-01,t_hml_750,0.37545295149035657,59
2022-08-01,t_umd_90,0.04538619275461381,76
2022-08-01,t_umd_120,0.014053315105946684,76
2022-08-01,t_umd_180,-0.11357643578365172,72
2022-08-01,t_umd_250,0.02038900067069081,71
2022-08-01,t_umd_750,-0.18369374634716543,59
2022-08-01,ir_p6m,0.30766917293233087,76
2022-08-01,ir_p1y,0.288933601609658,71
2022-08-01,ir_p3y,0.2120981881940386,59
2022-08-01,sr_p6m,0.32057416267942584,76
2022-08-01,sr_p1y,0.29329309188464114,71
2022-08-01,sr_p3y,0.11227352425482175,59
2022-09-01,tna,-0.07820830359766591,83
2022-09-01,vol_flows,0.11321619556913674,34
2022-09-01,const_90,0.13462852936537142,77
2022-09-01,const_120,0.22075187969924812,76
2022-09-01,const_180,0.49274537695590326,75
2022-09-01,const_250,0.5093561368209254,71
2022-09-01,const_750,-0.003278688524590163,61
2022-09-01,t_const_90,0.17195961932804035,77
2022-09-01,t_const_120,0.23901572112098426,76
2022-09-01,t_const_180,0.4915220483641536,75
2022-09-01,t_const_250,0.52719651240778,71
2022-09-01,t_const_750,-0.04870438921205711,61
2022-09-01,r2_90,0.06506651243493347,77
2022-09-01,r2_120,0.1356937799043062,76
2022-09-01,r2_180,0.01240398293029872,75
2022-09-01,r2_250,-0.003319919517102615,71
2022-09-01,r2_750,0.2704918032786885,61
2022-09-01,t_mkt_90,0.043587990956412005,77
2022-09-01,t_mkt_120,0.1490909090909091,76
2022-09-01,t_mkt_180,0.07177809388335703,75
2022-09-01,t_mkt_250,0.009389671361502346,71
2022-09-01,t_mkt_750,0.16536224219989423,61
2022-09-01,t_smb_90,-0.35456648614543346,77
2022-09-01,t_smb_120,-0.5294326725905673,76
2022-09-01,t_smb_180,-0.3749075391180654,75
2022-09-01,t_smb_250,-0.4233735747820255,71
2022-09-01,t_smb_750,-0.24473823373876252,61
2022-09-01,t_hml_90,0.37988327462011673,77
2022-09-01,t_hml_120,0.3334791524265208,76
2022-09-01,t_hml_180,0.3675960170697013,75
2022-09-01,t_hml_250,0.405533199195171,71
2022-09-01,t_hml_750,0.4500793231094658,61
2022-09-01,t_umd_90,0.11675166938324832,77
2022-09-01,t_umd_120,-0.005905673274094327,76
2022-09-01,t_umd_180,-0.05738264580369844,75
2022-09-01,t_umd_250,0.05690811535881958,71
2022-09-01,t_umd_750,-0.2952406134320465,61
2022-09-01,ir_p6m,0.17427204374572797,76
2022-09-01,ir_p1y,0.5196177062374245,71
2022-09-01,ir_p3y,0.15076679005817026,61
2022-09-01,sr_p6m,0.1849624060150376,76
2022-09-01,sr_p1y,0.5113011401743796,71
2022-09-01,sr_p3y,0.1722369116869381,61
2022-10-01,tna,-0.009958533320272963,82
2022-10-01,vol_flows,0.01002673796791444,33
2022-10-01,const_90,0.35512588677145634,78
2022-10-01,const_120,0.2743403964456596,76
2022-10-01,const_180,0.34523470839260306,75
2022-10-01,const_250,0.28923103840433906,70
2022-10-01,const_750,0.20793231094658907,61
2022-10-01,t_const_90,0.34624868802083986,78
2022-10-01,t_const_120,0.28404647983595355,76
2022-10-01,t_const_180,0.3460597439544808,75
2022-10-01,t_const_250,0.29559968506692325,70
2022-10-01,t_const_750,0.21068217874140666,61
2022-10-01,r2_90,-0.007068880486602006,78
2022-10-01,r2_120,0.046124401913875596,76
2022-10-01,r2_180,0.009900426742532005,75
2022-10-01,r2_250,-0.006106202431983204,70
2022-10-01,r2_750,0.17297726070861977,61
2022-10-01,t_mkt_90,-0.0643533681508365,78
2022-10-01,t_mkt_120,-0.007956254272043746,76
2022-10-01,t_mkt_180,0.02312944523470839,75
2022-10-01,t_mkt_250,-0.014154492170413785,70
2022-10-01,t_mkt_750,0.06266525647805393,61
2022-10-01,t_smb_90,-0.13486513486513485,78
2022-10-01,t_smb_120,-0.19152426520847576,76
2022-10-01,t_smb_180,-0.15880512091038404,75
2022-10-01,t_smb_250,-0.18806753564867468,70
2022-10-01,t_smb_750,0.028556319407720777,61
2022-10-01,t_hml_90,0.6439762768876692,78
2022-10-01,t_hml_120,0.5665345181134654,76
2022-10-01,t_hml_180,0.4975533428165006,75
2022-10-01,t_hml_250,0.5273554369696439,70
2022-10-01,t_hml_750,0.6414066631411951,61
2022-10-01,t_umd_90,-0.02378634024203644,78
2022-10-01,t_umd_120,0.04535885167464115,76
2022-10-01,t_umd_180,0.047937411095305825,75
2022-10-01,t_umd_250,0.05786020470649988,70
2022-10-01,t_umd_750,-0.27160232681121094,61
2022-10-01,ir_p6m,0.15388335704125178,75
2022-10-01,ir_p1y,0.3177149855655673,70
2022-10-01,ir_p3y,0.46292966684294024,61
2022-10-01,sr_p6m,0.13593172119487906,75
2022-10-01,sr_p1y,0.28996588225002184,70
2022-10-01,sr_p3y,0.42295081967213116,61
2022-11-01,tna,-0.0307406683603674,85
2022-11-01,vol_flows,0.14873949579831933,35
2022-11-01,const_90,0.3097786811201445,81
2022-11-01,const_120,0.32726207219878106,80
2022-11-01,const_180,0.3353229049431581,78
2022-11-01,const_250,0.3491595705294335,74
2022-11-01,const_750,0.10384615384615384,64
2022-11-01,t_const_90,0.29238934056007226,81
2022-11-01,t_const_120,0.3215893108298172,80
2022-11-01,t_const_180,0.33651158967614664,78
2022-11-01,t_const_250,0.3390892262125138,74
2022-11-01,t_const_750,0.09221611721611721,64
2022-11-01,r2_90,-0.0721996386630533,81
2022-11-01,r2_120,-0.021073605250820443,80
2022-11-01,r2_180,0.0007207981891526195,78
2022-11-01,r2_250,-0.007449092928544981,74
2022-11-01,r2_750,0.0829212454212454,64
2022-11-01,t_mkt_90,-0.12219963866305329,81
2022-11-01,t_mkt_120,-0.13534927332395688,80
2022-11-01,t_mkt_180,-0.07702424158120359,78
2022-11-01,t_mkt_250,-0.07574972232506477,74
2022-11-01,t_mkt_750,-0.012957875457875457,64
2022-11-01,t_smb_90,0.05483288166214995,81
2022-11-01,t_smb_120,0.16669010782934834,80
2022-11-01,t_smb_180,-0.0035786997812314266,78
2022-11-01,t_smb_250,0.07604590892262122,74
2022-11-01,t_smb_750,0.2577380952380952,64
2022-11-01,t_hml_90,0.5586269196025294,81
2022-11-01,t_hml_120,0.5236052508204407,80
2022-11-01,t_hml_180,0.4994119804246386,78
2022-11-01,t_hml_250,0.5063457978526471,74
2022-11-01,t_hml_750,0.4758699633699633,64
2022-11-01,t_umd_90,0.1751806684733514,81
2022-11-01,t_umd_120,0.13792780121894047,80
2022-11-01,t_umd_180,0.2204251444757774,78
2022-11-01,t_umd_250,0.1969492780451684,74
2022-11-01,t_umd_750,-0.04697802197802197,64
2022-11-01,ir_p6m,0.39057665260196905,80
2022-11-01,ir_p1y,0.4829470566456867,74
2022-11-01,ir_p3y,0.3411172161172161,64
2022-11-01,sr_p6m,0.3902015939990624,80
2022-11-01,sr_p1y,0.4650870048130321,74
2022-11-01,sr_p3y,0.34706959706959706,64
2022-12-01,tna,0.04365300250011793,86
2022-12-01,vol_flows,-0.021772257593153117,66
2022-12-01,const_90,0.10702741278703665,83
2022-12-01,const_120,0.1336720867208672,81
2022-12-01,const_180,0.14146612880790096,78
2022-12-01,const_250,0.08872706241127293,77
2022-12-01,const_750,0.24349816849816847,64
2022-12-01,t_const_90,0.16174803744595107,83
2022-12-01,t_const_120,0.19453477868112015,81
2022-12-01,t_const_180,0.18453698200533641,78
2022-12-01,t_const_250,0.13107944686892056,77
2022-12-01,t_const_750,0.2181318681318681,64
2022-12-01,r2_90,-0.08236430040720373,83
2022-12-01,r2_120,-0.020731707317073172,81
2022-12-01,r2_180,0.025329101278468366,78
2022-12-01,r2_250,-0.028366370471633623,77
2022-12-01,r2_750,0.33717948717948715,64
2022-12-01,t_mkt_90,-0.09840057092481423,83
2022-12-01,t_mkt_120,-0.031504065040650404,81
2022-12-01,t_mkt_180,0.055501460564751706,78
2022-12-01,t_mkt_250,0.025211630474788367,77
2022-12-01,t_mkt_750,0.2609432234432234,64
2022-12-01,t_smb_90,-0.21485244112337848,83
2022-12-01,t_smb_120,-0.2605013550135501,81
2022-12-01,t_smb_180,-0.23256490345097938,78
2022-12-01,t_smb_250,-0.26431463273568534,77
2022-12-01,t_smb_750,-0.11323260073260073,64
2022-12-01,t_hml_90,0.22666974518282185,83
2022-12-01,t_hml_120,0.2210478771454381,81
2022-12-01,t_hml_180,0.47083296450385054,78
2022-12-01,t_hml_250,0.4769703980230296,77
2022-12-01,t_hml_750,0.32994505494505494,64
2022-12-01,t_umd_90,-0.2939842995676084,83
2022-12-01,t_umd_120,-0.2633017163504968,81
2022-12-01,t_umd_180,-0.23749668053465522,78
2022-12-01,t_umd_250,-0.18923182081076817,77
2022-12-01,t_umd_750,-0.349084249084249,64
2022-12-01,ir_p6m,0.035727190605239385,81
2022-12-01,ir_p1y,0.206950943793049,77
2022-12-01,ir_p3y,0.3032967032967033,64
2022-12-01,sr_p6m,0.1780487804878049,81
2022-12-01,sr_p1y,0.20521583679478414,77
2022-12-01,sr_p3y,0.38296703296703294,64
2023-01-01,tna,-0.09735364875701683,86
2023-01-01,vol_flows,0.0034992887624466567,75
2023-01-01,const_90,-0.31338675004885674,85
2023-01-01,const_120,-0.3920505871725383,81
2023-01-01,const_180,-0.3565481986368062,79
2023-01-01,const_250,-0.47745924961114833,78
2023-01-01,const_750,-0.25087412587412583,65
2023-01-01,t_const_90,-0.30015634160640997,85
2023-01-01,t_const_120,-0.40103884372177057,81
2023-01-01,t_const_180,-0.36039435248296003,79
2023-01-01,t_const_250,-0.4679750629117717,78
2023-01-01,t_const_750,-0.24125874125874128,65
2023-01-01,r2_90,-0.3534297439906195,85
2023-01-01,r2_120,-0.33039747064137304,81
2023-01-01,r2_180,-0.27512171372930866,79
2023-01-01,r2_250,-0.25380948165758294,78
2023-01-01,r2_750,-0.17744755244755245,65
2023-01-01,t_mkt_90,-0.26153996482313857,85
2023-01-01,t_mkt_120,-0.2059394760614273,81
2023-01-01,t_mkt_180,-0.17132424537487828,79
2023-01-01,t_mkt_250,-0.2249016805978831,78
2023-01-01,t_mkt_750,-0.06311188811188811,65
2023-01-01,t_smb_90,0.3983974985342974,85
2023-01-01,t_smb_120,0.2784552845528455,81
2023-01-01,t_smb_180,0.16533592989289195,79
2023-01-01,t_smb_250,0.10216365912568444,78
2023-01-01,t_smb_750,-0.028365384615384615,65
2023-01-01,t_hml_90,-0.5902286495993746,85
2023-01-01,t_hml_120,-0.5435185185185185,81
2023-01-01,t_hml_180,-0.48880233690360275,79
2023-01-01,t_hml_250,-0.39409957131476114,78
2023-01-01,t_hml_750,-0.6301573426573427,65
2023-01-01,t_umd_90,-0.13496189173343756,85
2023-01-01,t_umd_120,-0.11002710027100271,81
2023-01-01,t_umd_180,-0.11462999026290166,79
2023-01-01,t_umd_250,-0.029755055071510765,78
2023-01-01,t_umd_750,0.24016608391608393,65
2023-01-01,ir_p6m,-0.5290876242095754,81
2023-01-01,ir_p1y,-0.4991843599438536,78
2023-01-01,ir_p3y,-0.44453671328671335,65
2023-01-01,sr_p6m,-0.5038843721770552,81
2023-01-01,sr_p1y,-0.4749554243225129,78
2023-01-01,sr_p3y,-0.4364947552447553,65
2023-02-01,tna,-0.16211635197200552,87
2023-02-01,vol_flows,-0.05968705547652916,75
2023-02-01,const_90,0.4377369552472151,85
2023-02-01,const_120,0.4913621262458472,85
2023-02-01,const_180,0.39871073605250823,80
2023-02-01,const_250,0.5072775325939883,78
2023-02-01,const_750,0.3972654211460182,66
2023-02-01,t_const_90,0.3938245065468048,85
2023-02-01,t_const_120,0.41180379128395544,85
2023-02-01,t_const_180,0.35569620253164563,80
2023-02-01,t_const_250,0.443746127290431,78
2023-02-01,t_const_750,0.39964513098841464,66
2023-02-01,r2_90,0.26638655462184874,85
2023-02-01,r2_120,0.23535274574946258,85
2023-02-01,r2_180,0.11134552273792779,80
2023-02-01,r2_250,0.10924518519455227,78
2023-02-01,r2_750,0.11971610479073168,66
2023-02-01,t_mkt_90,0.0320500293140512,85
2023-02-01,t_mkt_120,0.036212624584717606,85
2023-02-01,t_mkt_180,-0.08975621190811066,80
2023-02-01,t_mkt_250,0.0038316114265481353,78
2023-02-01,t_mkt_750,0.05412796159064817,66
2023-02-01,t_smb_90,0.027789720539378542,85
2023-02-01,t_smb_120,0.023119015047879613,85
2023-02-01,t_smb_180,0.09078762306610408,80
2023-02-01,t_smb_250,-0.005779031095486791,78
2023-02-01,t_smb_750,0.33384824131092794,66
2023-02-01,t_hml_90,0.42620676177447725,85
2023-02-01,t_hml_120,0.42270861833105333,85
2023-02-01,t_hml_180,0.5367791842475387,80
2023-02-01,t_hml_250,0.5172675425839982,78
2023-02-01,t_hml_750,0.43183383780398704,66
2023-02-01,t_umd_90,0.45255032245456317,85
2023-02-01,t_umd_120,0.4168653507914794,85
2023-02-01,t_umd_180,0.455954055321144,80
2023-02-01,t_umd_250,0.5145360968145778,78
2023-02-01,t_umd_750,0.14601816094353412,66
2023-02-01,ir_p6m,0.38196208716044555,85
2023-02-01,ir_p1y,0.5533074520416292,78
2023-02-01,ir_p3y,0.562216887590022,66
2023-02-01,sr_p6m,0.4718975962478015,85
2023-02-01,sr_p1y,0.5712135965300521,78
2023-02-01,sr_p3y,0.555620498904081,66
2023-03-01,tna,-0.05956112852664576,87
2023-03-01,vol_flows,0.22714082503556188,75
2023-03-01,const_90,-0.06501856556576119,85
2023-03-01,const_120,-0.11948407269884696,85
2023-03-01,const_180,-0.1318654019873532,81
2023-03-01,const_250,-0.07449512512803651,78
2023-03-01,const_750,-0.24250078279929033,66
2023-03-01,t_const_90,-0.1360562829783076,85
2023-03-01,t_const_120,-0.19601328903654486,85
2023-03-01,t_const_180,-0.2165085817524842,81
2023-03-01,t_const_250,-0.1581077150697404,78
2023-03-01,t_const_750,-0.23256445047489827,66
2023-03-01,r2_90,-0.0545827633378933,85
2023-03-01,r2_120,-0.0016220441665038107,85
2023-03-01,r2_180,-0.17947154471544716,81
2023-03-01,r2_250,-0.21706141959306513,78
2023-03-01,r2_750,-0.300782799290262,66
2023-03-01,t_mkt_90,-0.15999609145983976,85
2023-03-01,t_mkt_120,-0.0572014852452609,85
2023-03-01,t_mkt_180,-0.2588527551942186,81
2023-03-01,t_mkt_250,-0.28661212205515996,78
2023-03-01,t_mkt_750,-0.2726437741363115,66
2023-03-01,t_smb_90,0.18391635724057065,85
2023-03-01,t_smb_120,0.2658784444010162,85
2023-03-01,t_smb_180,0.2675474254742547,81
2023-03-01,t_smb_250,0.2520643913048976,78
2023-03-01,t_smb_750,0.13929652437115125,66
2023-03-01,t_hml_90,-0.03314442055892124,85
2023-03-01,t_hml_120,-0.03842094977525894,85
2023-03-01,t_hml_180,-0.005374887082204155,81
2023-03-01,t_hml_250,-0.08478862909242656,78
2023-03-01,t_hml_750,-0.1713182340048012,66
2023-03-01,t_umd_90,0.15356654289622826,85
2023-03-01,t_umd_120,0.15684971663083838,85
2023-03-01,t_umd_180,0.21113369467028004,81
2023-03-01,t_umd_250,0.2014820622415559,78
2023-03-01,t_umd_750,0.3260411230560485,66
2023-03-01,ir_p6m,-0.21817471174516317,85
2023-03-01,ir_p1y,-0.17894763464383717,78
2023-03-01,ir_p3y,-0.16847928191211778,66
2023-03-01,sr_p6m,-0.19646277115497363,85
2023-03-01,sr_p1y,-0.10170841816411436,78
2023-03-01,sr_p3y,-0.22079114914935816,66
2023-04-01,tna,0.0879930013851425,87
2023-04-01,vol_flows,-0.026372688477951635,75
2023-04-01,const_90,-0.1826972970423133,86
2023-04-01,const_120,-0.40512018760992774,85
2023-04-01,const_180,-0.47429990966576335,81
2023-04-01,const_250,-0.39420073597288785,78
2023-04-01,const_750,-0.3146699656796233,67
2023-04-01,t_const_90,-0.23786971083541675,86
2023-04-01,t_const_120,-0.4186046511627907,85
2023-04-01,t_const_180,-0.4942411924119241,81
2023-04-01,t_const_250,-0.4362599425890565,78
2023-04-01,t_const_750,-0.3158671881235534,67
2023-04-01,r2_90,-0.373083636020567,86
2023-04-01,r2_120,-0.339515341020129,85
2023-04-01,r2_180,-0.27567750677506775,81
2023-04-01,r2_250,-0.18997458237964565,78
2023-04-01,r2_750,-0.059302418389336746,67
2023-04-01,t_mkt_90,-0.39112222274635594,86
2023-04-01,t_mkt_120,-0.3266757865937073,85
2023-04-01,t_mkt_180,-0.18209123757904244,81
2023-04-01,t_mkt_250,-0.1006461892537842,78
2023-04-01,t_mkt_750,0.02526139356692474,67
2023-04-01,t_smb_90,0.3366102174630879,86
2023-04-01,t_smb_120,0.33421926910299005,85
2023-04-01,t_smb_180,0.2927506775067751,81
2023-04-01,t_smb_250,0.26129566635895746,78
2023-04-01,t_smb_750,0.20037512969909813,67
2023-04-01,t_hml_90,-0.3933676116797962,86
2023-04-01,t_hml_120,-0.37484854406879026,85
2023-04-01,t_hml_180,-0.40038392050587174,81
2023-04-01,t_hml_250,-0.43782799479002005,78
2023-04-01,t_hml_750,-0.4076941495729907,67
2023-04-01,t_umd_90,-0.14243124675692248,86
2023-04-01,t_umd_120,-0.12065663474692202,85
2023-04-01,t_umd_180,-0.10666214995483286,81
2023-04-01,t_umd_250,-0.11771772531266202,78
2023-04-01,t_umd_750,-0.08755686806608669,67
2023-04-01,ir_p6m,-0.4090873558725816,85
2023-04-01,ir_p1y,-0.39650223194526996,78
2023-04-01,ir_p3y,-0.397517758799585,67
2023-04-01,sr_p6m,-0.40259917920656635,85
2023-04-01,sr_p1y,-0.40543001302494974,78
2023-04-01,sr_p3y,-0.39388618405299713,67
2023-05-01,tna,0.05303637821681126,87
2023-05-01,vol_flows,0.03065355696934644,77
2023-05-01,const_90,-0.22168026793716686,86
2023-05-01,const_120,-0.09799518845228548,86
2023-05-01,const_180,0.029548563611491108,85
2023-05-01,const_250,0.16268257059396302,79
2023-05-01,const_750,0.05088368897201968,68
2023-05-01,t_const_90,-0.1984150195763951,86
2023-05-01,t_const_120,-0.08784376621538752,86
2023-05-01,t_const_180,0.03232362712526871,85
2023-05-01,t_const_250,0.20352969814995134,79
2023-05-01,t_const_750,0.042409436194984156,68
2023-05-01,r2_90,0.24736072456247932,86
2023-05-01,r2_120,0.24111514694089342,86
2023-05-01,r2_180,0.21096345514950166,85
2023-05-01,r2_250,0.14337877312560857,79
2023-05-01,r2_750,-0.10421040577165323,68
2023-05-01,t_mkt_90,0.21726496532855322,86
2023-05-01,t_mkt_120,0.1690362752960045,86
2023-05-01,t_mkt_180,0.16701192104748877,85
2023-05-01,t_mkt_250,0.07509737098344693,79
2023-05-01,t_mkt_750,-0.18402870557697446,68
2023-05-01,t_smb_90,0.19060333034577104,86
2023-05-01,t_smb_120,0.13916694183687908,86
2023-05-01,t_smb_180,0.03777604064881766,85
2023-05-01,t_smb_250,0.11049172346640701,79
2023-05-01,t_smb_750,0.08523876779783944,68
2023-05-01,t_hml_90,0.4043115241284966,86
2023-05-01,t_hml_120,0.39802820887777723,86
2023-05-01,t_hml_180,0.41022083251905417,85
2023-05-01,t_hml_250,0.36083252190847126,79
2023-05-01,t_hml_750,0.3561476504943314,68
2023-05-01,t_umd_90,0.13043068069248548,86
2023-05-01,t_umd_120,0.1574885607811689,86
2023-05-01,t_umd_180,0.10302911862419388,85
2023-05-01,t_umd_250,0.12322297955209348,79
2023-05-01,t_umd_750,-0.1518112761003168,68
2023-05-01,ir_p6m,0.08569474301348447,85
2023-05-01,ir_p1y,0.27699610516066214,79
2023-05-01,ir_p3y,0.29930908119250293,68
2023-05-01,sr_p6m,0.04010162204416651,85
2023-05-01,sr_p1y,0.23707400194741968,79
2023-05-01,sr_p3y,0.20853532847272585,68
2023-06-01,tna,-0.07776846249179849,87
2023-06-01,vol_flows,-0.004742093349688286,78
2023-06-01,const_90,-0.10452358387402493,87
2023-06-01,const_120,-0.15869616491343932,86
2023-06-01,const_180,0.10734805550127027,85
2023-06-01,const_250,0.207226738934056,81
2023-06-01,const_750,0.14600908500973395,68
2023-06-01,t_const_90,-0.09280454909965735,87
2023-06-01,t_const_120,-0.11016557384782301,86
2023-06-01,t_const_180,0.14189955051788158,85
2023-06-01,t_const_250,0.23491418247515805,81
2023-06-01,t_const_750,0.1450166049547658,68
2023-06-01,r2_90,0.03492017204928191,87
2023-06-01,r2_120,0.46191801500070756,86
2023-06-01,r2_180,0.4434825092827828,85
2023-06-01,r2_250,0.3467705510388437,81
2023-06-01,r2_750,0.17815016986677862,68
2023-06-01,t_mkt_90,0.012047094845811766,87
2023-06-01,t_mkt_120,0.44038869758007454,86
2023-06-01,t_mkt_180,0.3623803009575924,85
2023-06-01,t_mkt_250,0.24591237579042455,81
2023-06-01,t_mkt_750,0.0006489292667099286,68
2023-06-01,t_smb_90,-0.10765838011226944,87
2023-06-01,t_smb_120,-0.007538091419406576,86
2023-06-01,t_smb_180,-0.10125073285128004,85
2023-06-01,t_smb_250,0.036382113821138214,81
2023-06-01,t_smb_750,0.08432263236248425,68
2023-06-01,t_hml_90,0.6811438361157686,87
2023-06-01,t_hml_120,0.7315345063446389,86
2023-06-01,t_hml_180,0.8042212233730702,85
2023-06-01,t_hml_250,0.7483514001806685,81
2023-06-01,t_hml_750,0.674504714280261,68
2023-06-01,t_umd_90,-0.3216993511700809,87
2023-06-01,t_umd_120,0.18635784706825792,86
2023-06-01,t_umd_180,0.12558139534883722,85
2023-06-01,t_umd_250,0.08906955736224029,81
2023-06-01,t_umd_750,0.09058289117074474,68
2023-06-01,ir_p6m,0.16324354922401998,86
2023-06-01,ir_p1y,0.5447606142728094,81
2023-06-01,ir_p3y,0.5035691109669045,68
2023-06-01,sr_p6m,0.0625406858814095,86
2023-06-01,sr_p1y,0.43873080397470643,81
2023-06-01,sr_p3y,0.4368439134252014,68
2023-07-01,tna,0.06441947565543071,89
2023-07-01,vol_flows,0.006411310208778562,78
2023-07-01,const_90,-0.046390875042560446,89
2023-07-01,const_120,0.0007044485928639358,88
2023-07-01,const_180,0.018772326310417725,87
2023-07-01,const_250,-0.00255765609864934,82
2023-07-01,const_750,-0.08523931311655097,69
2023-07-01,t_const_90,-0.047429349676540694,89
2023-07-01,t_const_120,0.00648092705434821,88
2023-07-01,t_const_180,0.003444630750164029,87
2023-07-01,t_const_250,-0.029287883240278187,82
2023-07-01,t_const_750,-0.0895140664961637,69
2023-07-01,r2_90,-0.041419816138917265,89
2023-07-01,r2_120,0.012644852241907647,88
2023-07-01,r2_180,0.024622730917839175,87
2023-07-01,r2_250,-0.0024923542408114845,82
2023-07-01,r2_750,0.07391304347826087,69
2023-07-01,t_mkt_90,-0.0521109976166156,89
2023-07-01,t_mkt_120,-0.004755028001831567,88
2023-07-01,t_mkt_180,0.008201501786104832,87
2023-07-01,t_mkt_250,0.001033946082432712,82
2023-07-01,t_mkt_750,0.07376689806357327,69
2023-07-01,t_smb_90,0.33878106911814787,89
2023-07-01,t_smb_120,0.35525342538128285,88
2023-07-01,t_smb_180,0.38244514106583066,87
2023-07-01,t_smb_250,0.3155494607154907,82
2023-07-01,t_smb_750,0.2870295944464743,69
2023-07-01,t_hml_90,0.018164794007490638,89
2023-07-01,t_hml_120,0.06304814906132226,88
2023-07-01,t_hml_180,0.023930159655901433,87
2023-07-01,t_hml_250,-0.04108575222298408,82
2023-07-01,t_hml_750,-0.004420898794300329,69
2023-07-01,t_umd_90,-0.07826012938372491,89
2023-07-01,t_umd_120,-0.01856222042196471,88
2023-07-01,t_umd_180,0.0006014434643143543,87
2023-07-01,t_umd_250,-0.05059805618136502,82
2023-07-01,t_umd_750,-0.059992692729265634,69
2023-07-01,ir_p6m,0.1845831425451728,88
2023-07-01,ir_p1y,0.015509191236490678,82
2023-07-01,ir_p3y,0.010485933503836318,69
2023-07-01,sr_p6m,0.20383220034517985,88
2023-07-01,sr_p1y,-0.005779214418650211,82
2023-07-01,sr_p3y,-0.009609061015710633,69
2023-08-01,tna,-0.0010593536450717673,93
2023-08-01,vol_flows,-0.02254002459703312,82
2023-08-01,const_90,-0.04011785316133143,91
2023-08-01,const_120,0.11207198598502947,91
2023-08-01,const_180,0.16687656912376012,90
2023-08-01,const_250,0.3768095523229193,88
2023-08-01,const_750,0.16404418116746886,73
2023-08-01,t_const_90,-0.03858894728459946,91
2023-08-01,t_const_120,0.06956521739130436,91
2023-08-01,t_const_180,0.23198748816726344,90
2023-08-01,t_const_250,0.4245007220598077,88
2023-08-01,t_const_750,0.1820004936443293,73
2023-08-01,r2_90,0.42060837713011634,91
2023-08-01,r2_120,0.3787227265488135,91
2023-08-01,r2_180,0.4966621393587685,90
2023-08-01,r2_250,0.43617695748652746,88
2023-08-01,r2_750,0.18897321979513765,73
2023-08-01,t_mkt_90,0.3561872909698997,91
2023-08-01,t_mkt_120,0.3336837075967511,91
2023-08-01,t_mkt_180,0.45939004815409307,90
2023-08-01,t_mkt_250,0.3417280123982953,88
2023-08-01,t_mkt_750,0.018604220659015184,73
2023-08-01,t_smb_90,-0.33659818442427136,91
2023-08-01,t_smb_120,-0.4335562987736901,91
2023-08-01,t_smb_180,-0.2825945589990534,90
2023-08-01,t_smb_250,-0.28332922404987504,88
2023-08-01,t_smb_750,0.03254967296063187,73
2023-08-01,t_hml_90,0.6611243828635133,91
2023-08-01,t_hml_120,0.6916387959866221,91
2023-08-01,t_hml_180,0.6754331810511585,90
2023-08-01,t_hml_250,0.651297946532352,88
2023-08-01,t_hml_750,0.5277057879797606,73
2023-08-01,t_umd_90,-0.10898232202580029,91
2023-08-01,t_umd_120,-0.20896639592291766,91
2023-08-01,t_umd_180,-0.05185002263653948,90
2023-08-01,t_umd_250,-0.029234616603853337,88
2023-08-01,t_umd_750,-0.02795261014439097,73
2023-08-01,ir_p6m,0.20637044115304987,91
2023-08-01,ir_p1y,0.5617449191645241,88
2023-08-01,ir_p3y,0.4278970751573492,73
2023-08-01,sr_p6m,0.2898709985666508,91
2023-08-01,sr_p1y,0.5237046951498715,88
2023-08-01,sr_p3y,0.44424904356411204,73
2023-09-01,tna,0.05659068742549579,94
2023-09-01,vol_flows,0.06418084261163898,82
2023-09-01,const_90,0.05287466157031375,91
2023-09-01,const_120,0.14917980570154485,91
2023-09-01,const_180,0.1958678026093756,90
2023-09-01,const_250,0.23953013278855984,88
2023-09-01,const_750,0.2361162532395409,73
2023-09-01,t_const_90,0.06846631629240325,91
2023-09-01,t_const_120,0.15441949354992834,91
2023-09-01,t_const_180,0.2051199736592995,90
2023-09-01,t_const_250,0.22110880208516784,88
2023-09-01,t_const_750,0.25950265333826983,73
2023-09-01,r2_90,0.011594202898550723,91
2023-09-01,r2_120,-0.006768593725115464,91
2023-09-01,r2_180,-0.04291064740502942,90
2023-09-01,r2_250,-0.11656863090415978,88
2023-09-01,r2_750,-0.1425089473034679,73
2023-09-01,t_mkt_90,-0.014859053989488773,91
2023-09-01,t_mkt_120,-0.035117056856187295,91
2023-09-01,t_mkt_180,-0.05236037370868832,90
2023-09-01,t_mkt_250,-0.17181501179951394,88
2023-09-01,t_mkt_750,-0.1620078983092682,73
2023-09-01,t_smb_90,-0.0601528905876732,91
2023-09-01,t_smb_120,-0.05074056378404205,91
2023-09-01,t_smb_180,-0.040457669671152816,90
2023-09-01,t_smb_250,-0.029604452115106906,88
2023-09-01,t_smb_750,-0.05115389361964705,73
2023-09-01,t_hml_90,0.0821468386685778,91
2023-09-01,t_hml_120,0.06279662366618888,91
2023-09-01,t_hml_180,0.06823064575873564,90
2023-09-01,t_hml_250,0.05295692296854638,88
2023-09-01,t_hml_750,0.022522522522522525,73
2023-09-01,t_umd_90,0.1441630832935181,91
2023-09-01,t_umd_120,0.15074056378404205,91
2023-09-01,t_umd_180,0.051718319134049465,90
2023-09-01,t_umd_250,0.054101651931950274,88
2023-09-01,t_umd_750,0.006695051215599161,73
2023-09-01,ir_p6m,-0.004491161012900143,91
2023-09-01,ir_p1y,0.16598569969356486,88
2023-09-01,ir_p3y,0.07278168579538444,73
2023-09-01,sr_p6m,0.11691352126134734,91
2023-09-01,sr_p1y,0.22683244690218732,88
2023-09-01,sr_p3y,0.15401703072935952,73
2023-10-01,tna,-0.1867355416681718,94
2023-10-01,vol_flows,-0.2609530261969286,81
2023-10-01,const_90,0.13182697452360373,90
2023-10-01,const_120,0.13562991315800305,90
2023-10-01,const_180,0.09061967994552265,89
2023-10-01,const_250,0.15355218202951643,88
2023-10-01,const_750,-0.00021596939405158584,73
2023-10-01,t_const_90,0.17053134131785816,90
2023-10-01,t_const_120,0.14934354035477632,90
2023-10-01,t_const_180,0.09337759618658496,89
2023-10-01,t_const_250,0.14663097460462823,88
2023-10-01,t_const_750,-0.020424534123164265,73
2023-10-01,r2_90,0.14654484092686337,90
2023-10-01,r2_120,0.16187183602913938,90
2023-10-01,r2_180,0.14419475655430714,89
2023-10-01,r2_250,0.18558698179000394,88
2023-10-01,r2_750,0.07364556337159078,73
2023-10-01,t_mkt_90,-0.036720582787998515,90
2023-10-01,t_mkt_120,-0.007054368852121661,90
2023-10-01,t_mkt_180,0.05011916922029282,89
2023-10-01,t_mkt_250,0.07188897890176466,88
2023-10-01,t_mkt_750,-0.03399975317783537,73
2023-10-01,t_smb_90,0.104778367699716,90
2023-10-01,t_smb_120,0.05787545787545787,90
2023-10-01,t_smb_180,0.08244807626830102,89
2023-10-01,t_smb_250,0.05625022014018528,88
2023-10-01,t_smb_750,0.17496606195236336,73
2023-10-01,t_hml_90,0.44449108943490967,90
2023-10-01,t_hml_120,0.4505494505494505,90
2023-10-01,t_hml_180,0.47929860401770524,89
2023-10-01,t_hml_250,0.4403684266140679,88
2023-10-01,t_hml_750,0.37199185486856723,73
2023-10-01,t_umd_90,0.14106268263571634,90
2023-10-01,t_umd_120,0.14763139482240606,90
2023-10-01,t_umd_180,0.0601464078992169,89
2023-10-01,t_umd_250,0.24326371033073863,88
2023-10-01,t_umd_750,0.21464272491669756,73
2023-10-01,ir_p6m,0.40660986953121786,90
2023-10-01,ir_p1y,0.3668416047338946,88
2023-10-01,ir_p3y,0.28961495742317667,73
2023-10-01,sr_p6m,0.2766679013870025,90
2023-10-01,sr_p1y,0.33390863301750556,88
2023-10-01,sr_p3y,0.2536097741577194,73
2023-11-01,tna,-0.13451576779973268,94
2023-11-01,vol_flows,-0.18299078667611623,84
2023-11-01,const_90,0.08752520887352348,90
2023-11-01,const_120,0.1475490801333498,90
2023-11-01,const_180,-0.02829155862863728,90
2023-11-01,const_250,0.054964601458208605,88
2023-11-01,const_750,0.24579044798222877,74
2023-11-01,t_const_90,0.08362349261225664,90
2023-11-01,t_const_120,0.14838868996172366,90
2023-11-01,t_const_180,-0.020043626785199817,90
2023-11-01,t_const_250,0.09531189461449052,88
2023-11-01,t_const_750,0.23130692336171785,74
2023-11-01,r2_90,0.4060830555212578,90
2023-11-01,r2_120,0.37674610034160594,90
2023-11-01,r2_180,0.4458904391488661,90
2023-11-01,r2_250,0.5055123102391604,88
2023-11-01,r2_750,0.1920325805257312,74
2023-11-01,t_mkt_90,0.21010824381610896,90
2023-11-01,t_mkt_120,0.22922171461497304,90
2023-11-01,t_mkt_180,0.31608017450714077,90
2023-11-01,t_mkt_250,0.4397696453101336,88
2023-11-01,t_mkt_750,0.11324694557571267,74
2023-11-01,t_smb_90,-0.10553566283903362,90
2023-11-01,t_smb_120,-0.13513602502366548,90
2023-11-01,t_smb_180,-0.2655883442400296,90
2023-11-01,t_smb_250,-0.262935437286464,88
2023-11-01,t_smb_750,-0.21738615327656421,74
2023-11-01,t_hml_90,0.5432522533646128,90
2023-11-01,t_hml_120,0.5941885829526279,90
2023-11-01,t_hml_180,0.5874387784500144,90
2023-11-01,t_hml_250,0.5658307210031348,88
2023-11-01,t_hml_750,0.44287300999629764,74
2023-11-01,t_umd_90,-0.023352677285261553,90
2023-11-01,t_umd_120,-0.1272338148742643,90
2023-11-01,t_umd_180,-0.056179775280898875,90
2023-11-01,t_umd_250,0.09812968898594629,88
2023-11-01,t_umd_750,0.048619029988892996,74
2023-11-01,ir_p6m,0.44455694118615463,90
2023-11-01,ir_p1y,0.34246768342080247,88
2023-11-01,ir_p3y,0.38212513883746757,74
2023-11-01,sr_p6m,0.40246120920278217,90
2023-11-01,sr_p1y,0.25980064104821954,88
2023-11-01,sr_p3y,0.3346168085894113,74
2023-12-01,tna,,0
2023-12-01,vol_flows,,0
2023-12-01,const_90,,0
2023-12-01,const_120,,0
2023-12-01,const_180,,0
2023-12-01,const_250,,0
2023-12-01,const_750,,0
2023-12-01,t_const_90,,0
2023-12-01,t_const_120,,0
2023-12-01,t_const_180,,0
2023-12-01,t_const_250,,0
2023-12-01,t_const_750,,0
2023-12-01,r2_90,,0
2023-12-01,r2_120,,0
2023-12-01,r2_180,,0
2023-12-01,r2_250,,0
2023-12-01,r2_750,,0
2023-12-01,t_mkt_90,,0
2023-12-01,t_mkt_120,,0
2023-12-01,t_mkt_180,,0
2023-12-01,t_mkt_250,,0
2023-12-01,t_mkt_750,,0
2023-12-01,t_smb_90,,0
2023-12-01,t_smb_120,,0
2023-12-01,t_smb_180,,0
2023-12-01,t_smb_250,,0
2023-12-01,t_smb_750,,0
2023-12-01,t_hml_90,,0
2023-12-01,t_hml_120,,0
2023-12-01,t_hml_180,,0
2023-12-01,t_hml_250,,0
2023-12-01,t_hml_750,,0
2023-12-01,t_umd_90,,0
2023-12-01,t_umd_120,,0
2023-12-01,t_umd_180,,0
2023-12-01,t_umd_250,,0
2023-12-01,t_umd_750,,0
2023-12-01,ir_p6m,,0
2023-12-01,ir_p1y,,0
2023-12-01,ir_p3y,,0
2023-12-01,sr_p6m,,0
2023-12-01,sr_p1y,,0
2023-12-01,sr_p3y,,0
