"Date","Price","Open","High","Low","Vol.","Change %"
"01-09-2026","36,781.34","37,534.39","37,534.39","36,781.34","","-2.47%"
"01-08-2026","37,712.00","38,258.25","38,258.25","37,605.05","","0.05%"
"01-07-2026","37,692.09","37,066.84","37,692.09","36,751.90","","2.20%"
"01-06-2026","36,880.75","35,911.81","37,294.64","35,405.87","","1.71%"
"01-05-2026","36,261.80","36,502.09","37,115.08","35,654.54","","-0.01%"
"01-04-2026","36,266.61","33,463.88","36,833.40","33,463.88","","10.52%"
"01-03-2026","32,813.14","36,491.59","36,491.59","32,813.14","","-11.36%"
"01-02-2026","37,020.38","36,106.27","37,995.17","36,106.27","","0.45%"
"01-01-2026","36,853.92","38,161.77","38,464.10","36,255.23","","-3.27%"
"01-12-2025","38,101.06","38,182.16","38,182.16","37,362.36","","-0.26%"
"01-11-2025","38,199.35","37,983.99","38,264.88","37,510.82","","1.00%"
"01-10-2025","37,822.45","36,549.80","38,208.18","36,549.80","","4.34%"
"01-09-2025","36,248.22","36,198.88","37,490.10","36,198.88","","1.25%"
"01-08-2025","35,799.38","36,086.49","36,875.67","35,729.39","","-1.82%"
"01-07-2025","36,461.71","37,519.71","37,519.71","36,349.32","","-2.83%"
"01-06-2025","37,522.38","36,211.90","37,526.73","36,024.39","","3.77%"
"01-05-2025","36,160.26","34,848.28","36,294.53","34,326.37","","3.65%"
"01-04-2025","34,886.08","33,361.96","35,210.27","31,834.33","","3.25%"
"01-03-2025","33,787.56","31,498.76","34,100.12","31,498.76","","7.35%"
"01-02-2025","31,473.37","34,132.24","34,453.97","31,473.37","","-7.79%"
"01-01-2025","34,130.93","35,526.08","36,060.05","33,062.34","","-3.47%"
"01-12-2024","35,357.90","36,082.61","36,909.23","35,266.62","","-1.37%"
"01-11-2024","35,847.40","36,042.89","36,377.55","34,476.59","","0.05%"
"01-10-2024","35,830.98","37,488.51","37,488.51","35,510.88","","-6.35%"
"01-09-2024","38,261.39","37,491.24","38,658.58","37,045.67","","2.17%"
"01-08-2024","37,449.92","37,029.53","37,449.92","35,364.14","","1.04%"
"01-07-2024","37,066.08","35,771.61","37,066.08","35,693.16","","4.39%"
"01-06-2024","35,506.97","31,956.22","35,506.97","31,956.22","","7.05%"
"01-05-2024","33,168.20","33,063.00","33,759.03","31,908.53","","0.73%"
"01-04-2024","32,927.38","32,256.66","32,927.38","31,872.54","","4.53%"
"01-03-2024","31,499.32","31,906.58","32,040.62","30,749.48","","0.00%"
"01-02-2024","31,499.31","30,972.56","31,849.62","30,831.81","","1.57%"
"01-01-2024","31,011.17","30,400.92","31,132.31","30,320.70","","1.95%"
"01-12-2023","30,417.80","28,360.55","30,417.80","28,360.55","","8.01%"
"01-11-2023","28,161.16","26,176.34","28,161.16","26,176.34","","7.15%"
"01-10-2023","26,281.76","26,972.02","27,305.47","25,896.34","","-2.77%"
"01-09-2023","27,031.74","26,687.23","27,612.99","26,687.23","","2.19%"
"01-08-2023","26,451.77","26,600.66","26,600.66","26,176.98","","-0.60%"
"01-07-2023","26,612.52","25,758.55","26,612.52","25,758.55","","3.93%"
"01-06-2023","25,605.81","24,528.90","25,605.81","24,528.90","","4.35%"
"01-05-2023","24,538.09","23,770.12","24,580.88","23,732.29","","3.78%"
"01-04-2023","23,643.94","22,678.03","23,643.94","22,678.03","","4.58%"
"01-03-2023","22,609.54","22,773.28","23,172.99","22,071.73","","0.28%"
"01-02-2023","22,546.35","23,038.80","23,420.94","22,546.35","","-2.71%"
"01-01-2023","23,175.05","24,083.14","24,136.79","23,048.29","","-3.30%"
"01-12-2022","23,967.12","24,828.21","24,828.21","23,342.13","","-3.12%"
"01-11-2022","24,738.49","24,098.84","24,738.49","23,950.94","","3.42%"
"01-10-2022","23,919.76","22,683.76","23,919.76","22,683.76","","4.09%"
"01-09-2022","22,979.45","23,564.70","24,276.42","22,627.96","","-3.21%"
"01-08-2022","23,740.37","22,960.55","23,858.77","22,960.55","","4.68%"
"01-07-2022","22,678.29","20,678.08","22,678.29","20,678.08","","9.73%"
"01-06-2022","20,667.27","21,709.49","21,841.16","19,985.84","","-5.05%"
"01-05-2022","21,765.82","22,653.68","22,653.68","20,714.03","","-4.23%"
"01-04-2022","22,726.01","23,185.39","23,653.78","22,552.63","","-0.71%"
"01-03-2022","22,889.14","21,812.50","22,892.81","20,836.23","","4.14%"
"01-02-2022","21,978.65","23,180.44","23,452.49","21,159.69","","-3.95%"
"01-01-2022","22,881.58","23,310.38","24,194.84","22,510.82","","-0.48%"
"01-12-2021","22,990.88","22,656.71","23,224.15","21,918.48","","2.42%"
"01-11-2021","22,447.74","23,431.96","23,886.54","22,447.74","","-2.83%"
"01-10-2021","23,100.97","22,969.86","24,305.72","22,969.86","","0.31%"
"01-09-2021","23,029.08","22,246.76","23,261.84","22,246.76","","3.48%"
"01-08-2021","22,253.61","21,060.19","22,253.61","21,060.19","","6.60%"
"01-07-2021","20,876.60","20,524.09","20,977.88","20,524.09","","1.58%"
"01-06-2021","20,552.20","20,113.79","20,742.75","20,113.79","","2.06%"
"01-05-2021","20,138.10","18,848.97","20,138.10","18,704.85","","7.11%"
"01-04-2021","18,802.03","18,968.55","19,065.82","18,279.05","","0.45%"
"01-03-2021","18,717.24","18,788.79","19,391.15","18,229.33","","1.15%"
"01-02-2021","18,504.86","17,857.07","19,197.73","17,857.07","","7.92%"
"01-01-2021","17,147.27","17,556.56","18,321.73","17,147.27","","-1.85%"
"01-12-2020","17,470.79","16,431.79","17,470.79","16,431.79","","7.48%"
"01-11-2020","16,255.62","14,543.26","16,277.69","14,543.26","","11.94%"
"01-10-2020","14,521.56","14,321.32","14,816.06","14,321.32","","2.70%"
"01-09-2020","14,139.78","14,285.55","14,578.07","13,538.89","","-0.28%"
"01-08-2020","14,179.34","13,499.05","14,586.35","13,499.05","","3.84%"
"01-07-2020","13,654.79","12,904.08","13,812.20","12,904.08","","6.82%"
"01-06-2020","12,783.45","12,092.03","13,002.86","12,092.03","","8.39%"
"01-05-2020","11,793.53","11,445.71","11,793.53","10,916.21","","-2.31%"
"01-04-2020","12,072.43","10,186.74","12,072.43","10,000.86","","18.74%"
"01-03-2020","10,167.46","13,790.70","14,014.65","9,400.96","","-26.72%"
"01-02-2020","13,875.34","3,581.29","15,070.16","3,581.29","","-6.28%"
"01-01-2020","14,804.57","14,843.29","15,188.79","14,631.41","","-0.10%"
"01-12-2019","14,819.29","14,706.31","14,897.54","14,402.73","","0.61%"
"01-11-2019","14,729.77","14,560.64","14,814.01","14,457.92","","1.31%"
"01-10-2019","14,539.09","13,840.55","14,539.09","13,547.24","","3.87%"
"01-09-2019","13,997.16","13,186.84","14,215.41","13,136.23","","4.07%"
"01-08-2019","13,449.30","13,362.08","15,290.85","13,061.91","","-0.54%"
"01-07-2019","13,522.10","14,481.11","14,579.18","13,459.90","","-6.09%"
"01-06-2019","14,398.80","14,766.71","14,766.71","14,192.79","","-1.32%"
"01-05-2019","14,591.01","14,326.52","14,606.29","13,619.29","","1.56%"
"01-04-2019","14,366.33","14,421.49","14,540.12","14,251.64","","0.01%"
"01-03-2019","14,364.59","13,424.34","14,364.59","13,424.34","","7.98%"
"01-02-2019","13,303.20","13,435.65","13,571.96","12,980.10","","-0.41%"
"01-01-2019","13,357.80","13,640.46","13,640.46","13,167.46","","-1.77%"
"01-12-2018","13,599.13","13,529.42","13,707.21","12,999.73","","0.71%"
"01-11-2018","13,503.06","12,999.37","13,503.06","12,999.37","","4.11%"
"01-10-2018","12,969.63","13,569.58","13,569.58","12,470.57","","-3.90%"
"01-09-2018","13,496.26","14,678.85","14,678.85","13,496.26","","-8.70%"
"01-08-2018","14,782.95","14,258.89","14,782.95","14,168.71","","3.69%"
"01-07-2018","14,257.02","13,424.54","14,257.02","13,424.54","","5.58%"
"01-06-2018","13,503.29","13,617.21","13,811.78","13,318.37","","-1.48%"
"01-05-2018","13,705.62","13,874.76","13,874.76","13,325.63","","-1.75%"
"01-04-2018","13,950.42","13,254.74","13,950.42","13,184.34","","6.57%"
"01-03-2018","13,090.98","13,531.83","13,531.83","12,926.25","","-3.64%"
"01-02-2018","13,585.49","14,188.25","14,188.25","13,402.06","","-4.35%"
"01-01-2018","14,203.09","13,813.81","14,464.05","13,789.42","","2.21%"
"01-12-2017","13,896.02","13,265.94","13,896.02","13,160.70","","3.67%"
"01-11-2017","13,403.72","13,515.96","13,569.12","13,138.35","","0.07%"
"01-10-2017","13,394.75","12,669.17","13,405.52","12,669.17","","6.49%"
"01-09-2017","12,577.95","12,795.51","13,091.41","12,462.32","","-1.02%"
"01-08-2017","12,707.41","12,865.27","12,865.27","12,311.40","","-1.01%"
"01-07-2017","12,837.04","12,256.66","12,837.04","12,248.49","","5.81%"
"01-06-2017","12,132.60","12,156.89","12,301.38","12,051.06","","0.05%"
"01-05-2017","12,126.75","11,947.10","12,191.43","11,769.10","","1.71%"
"01-04-2017","11,922.34","11,682.97","11,946.26","11,614.84","","2.79%"
"01-03-2017","11,598.64","11,231.97","11,598.64","11,140.71","","3.90%"
"01-02-2017","11,163.36","10,868.72","11,189.56","10,868.72","","4.62%"
"01-01-2017","10,670.20","10,123.34","10,779.67","10,123.34","","5.70%"
"01-12-2016","10,094.85","10,177.82","10,265.87","9,721.39","","-1.36%"
"01-11-2016","10,234.35","10,840.63","10,840.63","9,774.59","","-5.57%"
"01-10-2016","10,838.16","10,875.55","10,926.73","10,662.27","","1.51%"
"01-09-2016","10,677.17","10,783.22","11,031.31","10,593.47","","-1.20%"
"01-08-2016","10,806.57","10,568.94","10,806.57","10,422.98","","2.32%"
"01-07-2016","10,561.52","10,106.39","10,573.41","10,106.39","","5.21%"
"01-06-2016","10,038.72","9,773.46","10,038.72","9,738.76","","2.89%"
"01-05-2016","9,757.09","9,423.72","9,780.39","9,286.59","","3.41%"
"01-04-2016","9,435.76","9,230.33","9,572.88","9,064.78","","2.12%"
"01-03-2016","9,239.91","8,604.49","9,239.91","8,604.49","","10.89%"
"01-02-2016","8,332.74","9,058.07","9,058.07","8,313.56","","-7.97%"
"01-01-2016","9,054.56","9,643.99","9,643.99","8,700.16","","-5.71%"
"01-12-2015","9,602.77","9,584.54","10,466.19","9,174.59","","0.59%"
"01-11-2015","9,546.85","9,622.86","9,643.16","9,291.76","","-0.93%"
"01-10-2015","9,636.66","9,492.51","9,867.08","9,492.51","","1.65%"
"01-09-2015","9,480.55","9,297.72","10,396.83","9,017.50","","-0.26%"
"01-08-2015","9,505.16","10,154.00","10,258.90","9,252.89","","-6.08%"
"01-07-2015","10,120.91","9,909.28","10,177.79","9,835.66","","3.25%"
"01-06-2015","9,802.54","9,641.74","9,831.17","9,326.67","","-0.67%"
"01-05-2015","9,868.59","9,739.69","9,872.96","9,376.90","","3.18%"
"01-04-2015","9,564.36","10,003.75","10,324.17","9,527.82","","-3.27%"
"01-03-2015","9,887.49","10,330.82","10,400.17","9,700.53","","-3.10%"
"01-02-2015","10,203.63","10,147.78","10,249.54","9,794.20","","0.64%"
"01-01-2015","10,138.98","9,598.91","10,267.05","9,399.28","","5.82%"
"01-12-2014","9,581.34","9,755.59","9,926.87","9,184.17","","-2.07%"
"01-11-2014","9,783.89","9,480.57","9,783.89","9,480.57","","3.49%"
"01-10-2014","9,454.01","9,043.00","9,454.01","8,801.24","","4.26%"
"01-09-2014","9,067.95","9,093.92","9,294.45","8,965.36","","0.93%"
"01-08-2014","8,984.16","8,622.98","8,984.16","8,570.60","","2.80%"
"01-07-2014","8,739.55","8,723.15","8,903.24","8,440.72","","0.60%"
"01-06-2014","8,687.05","8,299.83","8,714.42","8,299.83","","6.63%"
"01-05-2014","8,147.00","7,378.90","8,311.92","7,339.93","","10.52%"
"01-04-2014","7,371.39","7,338.75","7,521.16","7,335.68","","0.60%"
"01-03-2014","7,327.40","6,751.13","7,327.40","6,751.13","","7.82%"
"01-02-2014","6,795.74","6,510.11","6,795.74","6,510.11","","3.05%"
"01-01-2014","6,594.58","6,887.24","6,887.24","6,545.50","","-4.12%"
"01-12-2013","6,878.29","6,721.81","6,878.29","6,645.22","","3.06%"
"01-11-2013","6,673.85","6,746.28","6,770.26","6,456.05","","-0.70%"
"01-10-2013","6,720.89","6,182.91","6,720.89","6,182.91","","9.47%"
"01-09-2013","6,139.75","5,914.21","6,469.18","5,716.38","","5.29%"
"01-08-2013","5,831.25","6,074.32","6,131.24","5,651.37","","-4.56%"
"01-07-2013","6,109.86","6,362.81","6,498.28","6,109.86","","-2.67%"
"01-06-2013","6,277.73","6,471.69","6,471.69","6,030.01","","-3.46%"
"01-05-2013","6,502.47","6,504.78","6,718.54","6,455.00","","1.11%"
"01-04-2013","6,430.90","6,186.03","6,430.90","5,989.54","","4.60%"
"01-03-2013","6,148.26","6,229.92","6,453.58","6,081.57","","-0.81%"
"01-02-2013","6,198.24","6,608.15","6,608.15","6,198.24","","-6.58%"
"01-01-2013","6,634.78","6,621.03","6,721.61","6,591.13","","1.11%"
"01-12-2012","6,561.87","6,479.45","6,576.70","6,464.29","","1.48%"
"01-11-2012","6,465.86","6,186.05","6,465.86","6,124.06","","5.16%"
"01-10-2012","6,148.86","6,248.93","6,326.99","6,114.24","","-1.19%"
"01-09-2012","6,223.06","5,699.38","6,223.06","5,682.66","","9.14%"
"01-08-2012","5,701.84","5,711.31","5,876.66","5,694.03","","0.22%"
"01-07-2012","5,689.60","5,752.15","5,832.31","5,519.67","","-0.84%"
"01-06-2012","5,738.04","5,283.66","5,738.04","5,282.29","","6.90%"
"01-05-2012","5,367.52","5,709.96","5,709.96","5,268.81","","-6.16%"
"01-04-2012","5,719.56","5,813.00","5,862.68","5,654.94","","-1.02%"
"01-03-2012","5,778.58","5,805.23","5,941.94","5,645.28","","-1.20%"
"01-02-2012","5,848.67","5,630.73","6,083.74","5,630.73","","4.76%"
"01-01-2012","5,583.02","4,922.60","5,585.26","4,922.60","","13.57%"
"01-12-2011","4,916.08","5,299.72","5,425.37","4,842.64","","-5.60%"
"01-11-2011","5,207.62","5,697.06","5,742.55","5,083.16","","-9.57%"
"01-10-2011","5,758.67","5,329.21","5,777.31","5,218.18","","6.02%"
"01-09-2011","5,431.79","5,553.42","5,682.17","5,344.97","","-1.39%"
"01-08-2011","5,508.31","6,049.84","6,049.84","5,252.87","","-8.60%"
"01-07-2011","6,026.92","6,149.51","6,269.43","6,026.92","","-2.01%"
"01-06-2011","6,150.71","6,124.68","6,150.71","5,787.57","","0.98%"
"01-05-2011","6,090.88","6,194.05","6,194.05","5,851.89","","-2.55%"
"01-04-2011","6,250.38","6,282.41","6,404.92","6,240.42","","-0.22%"
"01-03-2011","6,264.00","5,940.38","6,264.00","5,806.90","","9.04%"
"01-02-2011","5,744.78","5,884.40","6,005.52","5,631.88","","-3.97%"
"01-01-2011","5,982.33","6,714.84","6,714.84","5,982.33","","-10.43%"
"01-12-2010","6,679.12","6,589.47","6,679.12","6,268.93","","3.37%"
"01-11-2010","6,461.20","6,827.57","7,024.37","6,320.78","","-3.83%"
"01-10-2010","6,718.49","6,776.29","6,915.47","6,678.21","","1.03%"
"01-09-2010","6,649.82","6,205.04","6,697.78","6,205.04","","8.74%"
"01-08-2010","6,115.32","6,092.27","6,273.62","6,092.27","","1.46%"
"01-07-2010","6,027.16","5,898.70","6,097.16","5,890.59","","1.38%"
"01-06-2010","5,944.93","5,567.02","5,954.99","5,567.02","","4.83%"
"01-05-2010","5,670.98","5,820.62","5,820.62","5,368.62","","-3.17%"
"01-04-2010","5,856.50","5,823.93","5,930.90","5,751.88","","1.30%"
"01-03-2010","5,781.09","5,615.73","5,794.77","5,615.73","","4.56%"
"01-02-2010","5,529.01","5,618.39","5,640.10","5,388.92","","-0.63%"
"01-01-2010","5,563.86","5,846.16","6,023.08","5,522.82","","-3.98%"
"01-12-2009","5,794.34","5,639.77","5,794.34","5,527.63","","4.50%"
"01-11-2009","5,544.82","4,984.83","5,597.19","4,984.83","","7.60%"
"01-10-2009","5,152.97","5,505.55","5,625.43","5,152.97","","-6.40%"
"01-09-2009","5,505.04","5,076.24","5,505.04","5,053.40","","7.41%"
"01-08-2009","5,125.18","5,097.00","5,157.41","4,808.92","","2.15%"
"01-07-2009","5,017.07","4,657.34","5,017.07","4,258.76","","8.78%"
"01-06-2009","4,612.22","4,847.08","4,955.23","4,529.14","","-2.87%"
"01-05-2009","4,748.52","3,697.05","4,748.52","3,645.06","","34.48%"
"01-04-2009","3,531.14","3,081.93","3,568.33","3,081.93","","16.07%"
"01-03-2009","3,042.29","2,720.41","3,106.95","2,606.43","","8.66%"
"01-02-2009","2,799.86","2,831.64","2,998.71","2,777.21","","-4.26%"
"01-01-2009","2,924.48","3,120.78","3,216.34","2,739.89","","-3.62%"
"01-12-2008","3,034.27","2,703.30","3,128.27","2,678.22","","9.85%"
"01-11-2008","2,762.29","3,089.26","3,217.47","2,624.18","","-5.95%"
"01-10-2008","2,937.10","4,065.23","4,065.23","2,603.77","","-27.18%"
"01-09-2008","4,033.31","4,583.48","4,739.19","3,966.46","","-12.18%"
"01-08-2008","4,592.47","4,631.28","4,874.01","4,444.68","","1.11%"
"01-07-2008","4,542.09","4,029.47","4,663.43","4,002.42","","8.23%"
"01-06-2008","4,196.57","5,042.24","5,042.24","4,196.57","","-19.00%"
"01-05-2008","5,180.88","5,591.76","5,591.76","5,154.30","","-6.07%"
"01-04-2008","5,515.51","4,985.13","5,530.03","4,894.95","","10.40%"
"01-03-2008","4,996.10","5,403.44","5,403.44","4,756.27","","-12.24%"
"01-02-2008","5,692.94","5,804.28","6,025.58","5,291.45","","0.38%"
"01-01-2008","5,671.45","7,020.78","7,174.73","5,390.80","","-18.77%"
"01-12-2007","6,981.86","6,475.04","6,981.86","6,469.57","","10.05%"
"01-11-2007","6,344.24","6,197.02","6,492.24","6,019.93","","1.33%"
"01-10-2007","6,260.72","5,517.62","6,260.72","5,462.22","","14.80%"
"01-09-2007","5,453.48","4,869.60","5,453.48","4,869.60","","13.04%"
"01-08-2007","4,824.49","4,710.20","4,856.71","4,424.24","","-1.77%"
"01-07-2007","4,911.20","4,707.80","5,009.30","4,707.80","","4.49%"
"01-06-2007","4,700.21","4,625.49","4,700.21","4,441.08","","1.96%"
"01-05-2007","4,609.83","4,434.79","4,620.00","4,357.44","","5.49%"
"01-04-2007","4,369.88","3,889.07","4,425.83","3,889.07","","7.48%"
"01-03-2007","4,065.63","4,058.60","4,100.88","3,814.05","","1.45%"
"01-02-2007","4,007.34","4,420.94","4,504.15","4,007.34","","-8.30%"
"01-01-2007","4,369.84","4,278.38","4,419.32","4,138.72","","3.01%"
"01-12-2006","4,242.18","4,264.54","4,290.87","3,947.74","","0.64%"
"01-11-2006","4,215.13","4,021.16","4,249.90","4,021.16","","5.36%"
"01-10-2006","4,000.73","3,833.10","4,021.35","3,786.62","","4.26%"
"01-09-2006","3,837.28","3,623.73","3,837.28","3,587.27","","6.67%"
"01-08-2006","3,597.38","3,273.66","3,620.37","3,273.66","","9.76%"
"01-07-2006","3,277.37","3,289.27","3,340.15","3,058.36","","0.21%"
"01-06-2006","3,270.48","3,243.78","3,329.57","2,755.45","","-2.44%"
"01-05-2006","3,352.19","3,939.32","4,077.05","3,319.00","","-13.90%"
"01-04-2006","3,893.58","3,777.03","3,893.58","3,663.37","","5.34%"
"01-03-2006","3,696.06","3,425.48","3,696.06","3,425.48","","9.51%"
"01-02-2006","3,375.15","3,246.51","3,377.37","3,233.57","","2.97%"
"01-01-2006","3,277.85","3,121.98","3,279.77","3,112.33","","5.21%"